종목명,구분,종목코드
KODEX 200타겟위클리커버드콜,ETF,498400
RISE 코리아금융고배당,ETF,498860
PLUS 미국배당증가성장주데일리커버드콜,ETF,494420
PLUS 코리아밸류업,ETF,495040
RISE 코리아밸류업,ETF,495050
TIGER 미국AI빅테크10타겟데일리커버드콜,ETF,493810
KODEX 미국30년국채타겟커버드콜(합성 H),ETF,481060
KODEX 미국배당다우존스,ETF,489250
SOL 미국배당다우존스2호,ETF,493420
SOL 미국배당미국채혼합50,ETF,490490
ACE미국500데일리타겟커버드콜(합성),ETF,480030
ACE미국반도체데일리타겟커버드콜(합성),ETF,480040
ACE미국빅테크7+데일리타겟커버드콜(합성),ETF,480020
KODEX 한국부동산리츠인프라,ETF,476800
TIGER 미국테크TOP10타겟커버드콜,ETF,474220
ACE 미국배당다우존스,ETF,402970
KODEX 미국배당커버드콜액티브,ETF,441640
KODEX 삼성전자채권혼합,ETF,448330
TIGER 미국배당다우존스타겟커버드콜1호,ETF,458750
KODEX 200미국채혼합,ETF,284430
KODEX TRF3070,ETF,329650
KODEX TRF5050,ETF,329660
KODEX TRF7030,ETF,329670
KODEX 단기변동금리부채권액티브,ETF,273140
KODEX 단기채권PLUS,ETF,214980
KODEX 코리아배당성장채권혼합,ETF,237370
KIWOOM 고배당,ETF,104530
KODEX 단기채권,ETF,153130
KODEX 주주환원고배당주,ETF,0153K0
PLUS 테슬라위클리커버드콜채권혼합,ETF,0132K0
PLUS 자사주매입고배당주,ETF,0098N0
RISE 미국고배당다우존스TOP10,ETF,0115C0
SOL 코리아고배당,ETF,0105E0
TIGER 200타겟위클리커버드콜,ETF,0104N0
KODEX 금융고배당TOP10,ETF,0089D0
KODEX 미국10년국채액티브(H),ETF,0091C0
RISE 코리아밸류업위클리고정커버드콜,ETF,0094M0
TIGER 리츠부동산인프라10채권혼합액티브,ETF,0086C0
1Q 미국나스닥100,ETF,0069M0
SOL 미국S&P500미국채혼합50,ETF,0080X0
TIGER 리츠부동산인프라TOP10액티브,ETF,0086B0
TIGER 코리아배당다우존스,ETF,0052D0
1Q 미국S&P500,ETF,0026S0
PLUS 고배당주위클리고정커버드콜,ETF,0018C0
TIGER 미국배당다우존스타겟데일리커버드콜,ETF,0008S0
TIME 미국배당다우존스액티브,ETF,0036D0
TIME K바이오액티브,ETF,463050
TIME K바이오액티브,ETF,463050
TIME Korea플러스배당액티브,ETF,441800
TIME Korea플러스배당액티브,ETF,441800
TIME 코리아밸류업액티브,ETF,495060
TIME 코리아밸류업액티브,ETF,495060
TIME K컬처액티브,ETF,410870
TIME K컬처액티브,ETF,410870
RISE AI반도체TOP10,ETF,0093A0
RISE AI반도체TOP10,ETF,0093A0
HK 종합채권(AA-이상)액티브,ETF,472920
ACE 200,ETF,105190
ACE 200TR,ETF,332500
ACE 26-06 회사채(AA-이상)액티브,ETF,461270
ACE AI반도체TOP3+,ETF,469150
ACE KPOP포커스,ETF,475050
ACE 구글밸류체인액티브,ETF,483340
ACE 국고채10년,ETF,365780
ACE 글로벌반도체TOP4 Plus,ETF,446770
ACE 단기통안채,ETF,190620
ACE 라이프자산주주가치액티브,ETF,494330
ACE 머니마켓액티브,ETF,487340
ACE 미국30년국채액티브,ETF,476760
ACE 미국30년국채액티브(H),ETF,453850
ACE 미국S&P500,ETF,360200
ACE 미국SMR원자력TOP10,ETF,0155M0
ACE 미국WideMoat동일가중,ETF,309230
ACE 미국나스닥100,ETF,367380
ACE 미국달러단기채권액티브,ETF,440650
ACE 미국대형가치주액티브,ETF,0127M0
ACE 미국대형성장주액티브,ETF,0127P0
ACE 미국배당다우존스,ETF,402970
ACE 엔비디아밸류체인액티브,ETF,483320
ACE 종합채권(AA-이상)액티브,ETF,356540
ACE 중장기국공채액티브,ETF,272910
ACE 코스닥150,ETF,354500
ACE 테슬라밸류체인액티브,ETF,457480
ACE 포스코그룹포커스,ETF,469170
PLUS 200,ETF,152100
PLUS 200선물인버스2X,ETF,253160
PLUS K방산,ETF,449450
PLUS K방산레버리지,ETF,0104G0
PLUS TDF2060액티브,ETF,433880
PLUS 고배당주,ETF,161510
PLUS 고배당주위클리고정커버드콜,ETF,0018C0
PLUS 고배당주위클리커버드콜,ETF,489030
PLUS 국고채10년액티브,ETF,461460
PLUS 국공채머니마켓액티브,ETF,491230
PLUS 국채선물3년,ETF,298340
PLUS 글로벌방산,ETF,496770
PLUS 글로벌원자력밸류체인,ETF,0007G0
PLUS 글로벌휴머노이드로봇액티브,ETF,0035T0
PLUS 글로벌희토류&전략자원생산기업,ETF,415920
PLUS 머니마켓액티브,ETF,477050
PLUS 미국S&P500(H),ETF,269540
PLUS 미국고배당주액티브,ETF,0153X0
PLUS 우주항공&UAM,ETF,421320
PLUS 테슬라위클리커버드콜채권혼합,ETF,0132K0
PLUS 한화그룹주,ETF,0000J0
1Q K소버린AI,ETF,0103T0
1Q 단기금융채액티브,ETF,463290
1Q 단기특수은행채액티브,ETF,0131W0
1Q 머니마켓액티브,ETF,479080
1Q 미국우주항공테크,ETF,0131V0
TIME K바이오액티브,ETF,463050
TIME K컬처액티브,ETF,410870
TIME 글로벌AI인공지능액티브,ETF,456600
TIME 글로벌바이오액티브,ETF,485810
TIME 글로벌소비트렌드액티브,ETF,494180
TIME 글로벌우주테크&방산액티브,ETF,478150
TIME 글로벌탑픽액티브,ETF,0113D0
TIME 미국S&P500액티브,ETF,426020
TIME 미국나스닥100액티브,ETF,426030
TIME 미국나스닥100채권혼합50액티브,ETF,0019K0
TIME 차이나AI테크액티브,ETF,0043Y0
KIWOOM 200,ETF,069660
KIWOOM 고배당,ETF,104530
KIWOOM 미국S&P500,ETF,449770
KIWOOM 미국나스닥100(H),ETF,453080
KIWOOM 미국양자컴퓨팅,ETF,498270
KIWOOM 미국원유에너지기업,ETF,474800
KIWOOM 종합채권(AA-이상)액티브,ETF,454780
KIWOOM 코스닥150,ETF,316670
RISE 200,ETF,148020
RISE 200금융,ETF,284980
RISE 200선물인버스,ETF,252410
RISE 200위클리커버드콜,ETF,475720
RISE 2차전지TOP10,ETF,465330
RISE 2차전지액티브,ETF,422420
RISE AI&로봇,ETF,469070
RISE AI반도체TOP10,ETF,0093A0
RISE AI전력인프라,ETF,0101N0
RISE CD금리액티브(합성),ETF,477080
RISE ESG사회책임투자,ETF,290130
RISE KIS국고채30년Enhanced,ETF,385560
RISE KOFR금리액티브(합성),ETF,479520
RISE K엔터&여행레저,ETF,388280
RISE 글로벌농업경제,ETF,437370
RISE 글로벌수소경제,ETF,417450
RISE 글로벌원자력,ETF,442320
RISE 글로벌자산배분액티브,ETF,461490
RISE 네트워크인프라,ETF,367760
RISE 단기채권알파액티브,ETF,385550
RISE 단기통안채,ETF,196230
RISE 대형고배당10TR,ETF,315960
RISE 머니마켓액티브,ETF,455890
RISE 미국30년국채액티브,ETF,481340
RISE 미국AI밸류체인데일리고정커버드콜,ETF,490590
RISE 미국S&P500,ETF,379780
RISE 미국S&P원유생산기업(합성 H),ETF,219390
RISE 미국나스닥100,ETF,368590
RISE 미국반도체NYSE(H),ETF,469050
RISE 미국테크100데일리고정커버드콜,ETF,491620
RISE 삼성그룹Top3채권혼합,ETF,448630
RISE 삼성전자SK하이닉스채권혼합50,ETF,0162Z0
RISE 종합채권(A-이상)액티브,ETF,385540
RISE 중국본토대형주CSI100,ETF,174360
RISE 코리아금융고배당,ETF,498860
RISE 코리아밸류업,ETF,495050
RISE 코리아밸류업위클리고정커버드콜,ETF,0094M0
RISE 코스닥150선물레버리지,ETF,278240
RISE 코스피,ETF,302450
RISE 팔라듐선물(H),ETF,334690
RISE 헬스케어,ETF,253280
WON 미국우주항공방산,ETF,440910
WON 전단채플러스액티브,ETF,496020
WON 종합채권(AA-이상)액티브,ETF,488720
HANARO Fn K-반도체,ETF,395270
HANARO 반도체핵심공정주도주,ETF,476260
HANARO 원자력iSelect,ETF,434730
HANARO 코스닥150선물레버리지,ETF,306530
에셋플러스 글로벌플랫폼액티브,ETF,407830
ITF K-AI반도체코어테크,ETF,0005G0
SOL 200TR,ETF,295040
SOL 2차전지소부장Fn,ETF,455860
SOL AI반도체소부장,ETF,455850
SOL CD금리&머니마켓액티브,ETF,497880
SOL 국제금,ETF,0066W0
SOL 미국넥스트테크TOP10액티브,ETF,0118S0
SOL 미국배당다우존스,ETF,446720
SOL 미국배당다우존스(H),ETF,452360
SOL 미국배당미국채혼합50,ETF,490490
SOL 미국양자컴퓨팅TOP10,ETF,0023A0
SOL 미국원자력SMR,ETF,0051G0
SOL 반도체전공정,ETF,475300
SOL 반도체후공정,ETF,475310
SOL 자동차TOP3플러스,ETF,466930
SOL 전고체배터리&실리콘음극재,ETF,0005D0
SOL 조선TOP3플러스,ETF,466920
SOL 조선기자재,ETF,0141S0
SOL 종합채권(AA-이상)액티브,ETF,436140
SOL 중단기회사채(A-이상)액티브,ETF,0016X0
SOL 초단기채권액티브,ETF,469830
SOL 코리아고배당,ETF,0105E0
SOL 코리아메가테크액티브,ETF,444200
SOL 코리아밸류업TR,ETF,495550
SOL 화장품TOP3플러스,ETF,0008T0
TIGER 200,ETF,102110
TIGER 200산업재,ETF,227550
TIGER 200선물인버스2X,ETF,252710
TIGER 200에너지화학,ETF,139250
TIGER 200중공업,ETF,139230
TIGER 200커뮤니케이션서비스,ETF,315270
TIGER 2차전지TOP10,ETF,364980
TIGER 2차전지TOP10레버리지,ETF,412570
TIGER 2차전지소재Fn,ETF,462010
TIGER AI반도체핵심공정,ETF,471760
TIGER Fn신재생에너지,ETF,377990
TIGER KOFR금리액티브(합성),ETF,449170
TIGER KTOP30,ETF,228820
TIGER K방산&우주,ETF,463250
TIGER MKF배당귀족,ETF,445910
TIGER TDF2045,ETF,0025N0
TIGER 게임TOP10,ETF,364990
TIGER 국채3년,ETF,114820
TIGER 글로벌AI&로보틱스 INDXX,ETF,464310
TIGER 글로벌비만치료제TOP2Plus,ETF,476690
TIGER 금은선물(H),ETF,139320
TIGER 단기채권액티브,ETF,272580
TIGER 단기통안채,ETF,157450
TIGER 로우볼,ETF,174350
TIGER 리츠부동산인프라,ETF,329200
TIGER 머니마켓액티브,ETF,0043B0
TIGER 미국AI반도체팹리스,ETF,491830
TIGER 미국AI빅테크10타겟데일리커버드콜,ETF,493810
TIGER 미국AI소프트웨어TOP4Plus,ETF,0102A0
TIGER 미국AI전력SMR,ETF,0123G0
TIGER 미국S&P500,ETF,360750
TIGER 미국S&P500(H),ETF,448290
TIGER 미국S&P500선물(H),ETF,143850
TIGER 미국나스닥100,ETF,133690
TIGER 미국나스닥100(H),ETF,448300
TIGER 미국나스닥100타겟데일리커버드콜,ETF,486290
TIGER 미국달러단기채권액티브,ETF,329750
TIGER 미국달러선물인버스2X,ETF,261120
TIGER 미국방산TOP10,ETF,494840
TIGER 미국배당다우존스,ETF,458730
TIGER 미국배당다우존스타겟데일리커버드콜,ETF,0008S0
TIGER 미국초단기(3개월이하)국채,ETF,0046A0
TIGER 미국테크TOP10 INDXX(H),ETF,472160
TIGER 미국필라델피아AI반도체나스닥,ETF,497570
TIGER 미국필라델피아반도체나스닥,ETF,381180
TIGER 미국필라델피아반도체레버리지(합성),ETF,423920
TIGER 미디어컨텐츠,ETF,228810
TIGER 반도체,ETF,091230
TIGER 반도체TOP10,ETF,396500
TIGER 반도체TOP10레버리지,ETF,488080
TIGER 배당커버드콜액티브,ETF,472150
TIGER 소프트웨어,ETF,157490
TIGER 여행레저,ETF,228800
TIGER 우량가치,ETF,227570
TIGER 원유선물Enhanced(H),ETF,130680
TIGER 원유선물인버스(H),ETF,217770
TIGER 은행고배당플러스TOP10,ETF,466940
TIGER 인버스,ETF,123310
TIGER 인터넷TOP10,ETF,365000
TIGER 일본니케이225,ETF,241180
TIGER 일본엔선물,ETF,292560
TIGER 조선TOP10,ETF,494670
TIGER 종합채권(AA-이상)액티브,ETF,451540
TIGER 증권,ETF,157500
TIGER 지주회사,ETF,307520
TIGER 차이나과창판STAR50(합성),ETF,414780
TIGER 차이나바이오테크SOLACTIVE,ETF,371470
TIGER 차이나반도체FACTSET,ETF,396520
TIGER 차이나전기차SOLACTIVE,ETF,371460
TIGER 차이나증권,ETF,0133E0
TIGER 차이나테크TOP10,ETF,0047A0
TIGER 차이나항셍테크,ETF,371160
TIGER 차이나휴머노이드로봇,ETF,0053L0
TIGER 코리아AI전력기기TOP3플러스,ETF,0117V0
TIGER 코리아TOP10,ETF,292150
TIGER 코리아밸류업,ETF,496080
TIGER 코리아원자력,ETF,0091P0
TIGER 코리아테크액티브,ETF,471780
TIGER 코리아휴머노이드로봇산업,ETF,0148J0
TIGER 코스닥150,ETF,232080
TIGER 코스닥150 레버리지,ETF,233160
TIGER 코스닥150바이오테크,ETF,261070
TIGER 테슬라채권혼합Fn,ETF,447770
TIGER 현대차그룹플러스,ETF,138540
TIGER 화장품,ETF,228790
KODEX 200,ETF,069500
KODEX 200TR,ETF,278530
KODEX 200미국채혼합,ETF,284430
KODEX 200선물인버스2X,ETF,252670
KODEX 200액티브,ETF,494890
KODEX 200타겟위클리커버드콜,ETF,498400
KODEX 28-12 회사채(AA-이상)액티브,ETF,0119H0
KODEX 2차전지산업,ETF,305720
KODEX 2차전지산업레버리지,ETF,462330
KODEX 2차전지핵심소재10,ETF,461950
KODEX 3대농산물선물(H),ETF,271060
KODEX AI반도체,ETF,395160
KODEX AI반도체핵심장비,ETF,471990
KODEX AI전력핵심설비,ETF,487240
KODEX CD금리액티브(합성),ETF,459580
KODEX KOFR금리액티브(합성),ETF,423160
KODEX K조선TOP10,ETF,0115D0
KODEX MSCI선진국,ETF,251350
KODEX S&P글로벌인프라(합성),ETF,269420
KODEX TDF2060액티브,ETF,0082V0
KODEX WTI원유선물(H),ETF,261220
KODEX WTI원유선물인버스(H),ETF,271050
KODEX 고배당주,ETF,279530
KODEX 골드선물(H),ETF,132030
KODEX 구리선물(H),ETF,138910
KODEX 국고채30년액티브,ETF,439870
KODEX 국고채3년,ETF,114260
KODEX 국채선물10년,ETF,152380
KODEX 금액티브,ETF,0064K0
KODEX 금융고배당TOP10,ETF,0089D0
KODEX 금융고배당TOP10타겟위클리커버드콜,ETF,498410
KODEX 금융채1~2년(AA-이상)PLUS액티브,ETF,0162M0
KODEX 기계장비,ETF,102960
KODEX 단기변동금리부채권액티브,ETF,273140
KODEX 단기채권,ETF,153130
KODEX 단기채권PLUS,ETF,214980
KODEX 레버리지,ETF,122630
KODEX 로봇액티브,ETF,445290
KODEX 머니마켓액티브,ETF,488770
KODEX 미국30년국채액티브(H),ETF,484790
KODEX 미국AI반도체TOP3플러스,ETF,0151S0
KODEX 미국AI전력핵심인프라,ETF,487230
KODEX 미국AI테크TOP10,ETF,485540
KODEX 미국S&P500,ETF,379800
KODEX 미국S&P500(H),ETF,449180
KODEX 미국S&P500선물(H),ETF,219480
KODEX 미국S&P500에너지(합성),ETF,218420
KODEX 미국나스닥100,ETF,379810
KODEX 미국나스닥100(H),ETF,449190
KODEX 미국나스닥100데일리커버드콜OTM,ETF,494300
KODEX 미국나스닥100선물(H),ETF,304940
KODEX 미국나스닥100선물인버스(H),ETF,409810
KODEX 미국달러선물,ETF,261240
KODEX 미국달러선물레버리지,ETF,261250
KODEX 미국달러선물인버스,ETF,261270
KODEX 미국달러선물인버스2X,ETF,261260
KODEX 미국반도체,ETF,390390
KODEX 미국배당다우존스,ETF,489250
KODEX 미국배당커버드콜액티브,ETF,441640
KODEX 미국빅테크10(H),ETF,314250
KODEX 미국서학개미,ETF,473460
KODEX 미국원자력SMR,ETF,0132H0
KODEX 바이오,ETF,244580
KODEX 반도체,ETF,091160
KODEX 반도체레버리지,ETF,494310
KODEX 방산TOP10,ETF,0080G0
KODEX 삼성그룹,ETF,102780
KODEX 삼성전자채권혼합,ETF,448330
KODEX 신재생에너지액티브,ETF,385510
KODEX 원자력SMR,ETF,0098F0
KODEX 은선물(H),ETF,144600
KODEX 은행,ETF,091170
KODEX 인버스,ETF,114800
KODEX 자동차,ETF,091180
KODEX 장기종합채권(AA-이상)액티브,ETF,363570
KODEX 종합채권(AA-이상)액티브,ETF,273130
KODEX 주주환원고배당주,ETF,0153K0
KODEX 증권,ETF,102970
KODEX 차이나H,ETF,099140
KODEX 차이나H 레버리지(H),ETF,204450
KODEX 코리아배당성장,ETF,211900
KODEX 코리아배당성장채권혼합,ETF,237370
KODEX 코리아밸류업,ETF,495850
KODEX 코리아소버린AI,ETF,0115E0
KODEX 코스닥150,ETF,229200
KODEX 코스닥150레버리지,ETF,233740
KODEX 코스닥150선물인버스,ETF,251340
KODEX 코스피,ETF,226490
KODEX 코스피100,ETF,237350
KODEX 한국부동산리츠인프라,ETF,476800
KoAct 미국천연가스인프라액티브,ETF,497780
KoAct 바이오헬스케어액티브,ETF,462900
KIWOOM 고배당,ETF,104530
KODEX K조선TOP10,ETF,0115D0
KODEX K조선TOP10,ETF,0115D0
PLUS 고배당주위클리고정커버드콜,ETF,0018C0
PLUS 미국배당증가성장주데일리커버드콜,ETF,494420
PLUS 자사주매입고배당주,ETF,0098N0
PLUS 코리아밸류업,ETF,495040
PLUS 테슬라위클리커버드콜채권혼합,ETF,0132K0
RISE 코리아금융고배당,ETF,498860
RISE 코리아밸류업,ETF,495050
TIGER 200타겟위클리커버드콜,ETF,0104N0
TIGER 리츠부동산인프라10채권혼합액티브,ETF,0086C0
TIGER 리츠부동산인프라TOP10액티브,ETF,0086B0
TIGER 미국AI빅테크10타겟데일리커버드콜,ETF,493810
TIGER 미국배당다우존스타겟데일리커버드콜,ETF,0008S0
TIGER 미국배당다우존스타겟커버드콜1호,ETF,458750
TIGER 미국테크TOP10타겟커버드콜,ETF,474220
TIGER 코리아배당다우존스,ETF,0052D0
TIME 미국배당다우존스액티브,ETF,0036D0
ACE 미국배당다우존스,ETF,402970
ACE미국500데일리타겟커버드콜(합성),ETF,480030
ACE미국반도체데일리타겟커버드콜(합성),ETF,480040
ACE미국빅테크7+데일리타겟커버드콜(합성),ETF,480020
KODEX 200미국채혼합,ETF,284430
KODEX 200미국채혼합,ETF,284430
KODEX 200타겟위클리커버드콜,ETF,498400
KODEX 200타겟위클리커버드콜,ETF,498400
KODEX TRF3070,ETF,329650
KODEX TRF3070,ETF,329650
KODEX TRF5050,ETF,329660
KODEX TRF5050,ETF,329660
KODEX TRF7030,ETF,329670
KODEX TRF7030,ETF,329670
KODEX 금융고배당TOP10,ETF,0089D0
KODEX 금융고배당TOP10,ETF,0089D0
KODEX 단기변동금리부채권액티브,ETF,273140
KODEX 단기변동금리부채권액티브,ETF,273140
KODEX 단기채권,ETF,153130
KODEX 단기채권,ETF,153130
KODEX 단기채권PLUS,ETF,214980
KODEX 단기채권PLUS,ETF,214980
KODEX 미국10년국채액티브(H),ETF,0091C0
KODEX 미국10년국채액티브(H),ETF,0091C0
KODEX 미국30년국채타겟커버드콜(합성 H),ETF,481060
KODEX 미국30년국채타겟커버드콜(합성 H),ETF,481060
KODEX 미국S&P500배당귀족커버드콜(합성 H),ETF,276970
KODEX 미국S&P500버퍼3월액티브,ETF,0026E0
KODEX 미국배당다우존스,ETF,489250
KODEX 미국배당다우존스,ETF,489250
KODEX 미국배당커버드콜액티브,ETF,441640
KODEX 미국배당커버드콜액티브,ETF,441640
KODEX 삼성전자채권혼합,ETF,448330
KODEX 삼성전자채권혼합,ETF,448330
KODEX 주주환원고배당주,ETF,0153K0
KODEX 주주환원고배당주,ETF,0153K0
KODEX 코리아배당성장채권혼합,ETF,237370
KODEX 코리아배당성장채권혼합,ETF,237370
KODEX 한국부동산리츠인프라,ETF,476800
KODEX 한국부동산리츠인프라,ETF,476800
RISE 미국고배당다우존스TOP10,ETF,0115C0
RISE 코리아밸류업위클리고정커버드콜,ETF,0094M0
SOL 미국S&P500미국채혼합50,ETF,0080X0
SOL 미국배당다우존스2호,ETF,493420
SOL 미국배당미국채혼합50,ETF,490490
SOL 코리아고배당,ETF,0105E0
1Q 미국S&P500,ETF,0026S0
1Q 미국나스닥100,ETF,0069M0
TIGER 코리아테크액티브,ETF,471780
TIGER 퓨처모빌리티액티브,ETF,387280
ACE 미국배당퀄리티+커버드콜액티브,ETF,0049M0
ACE 미국배당퀄리티,ETF,0046Y0
ACE 미국배당퀄리티채권혼합50,ETF,0049K0
PLUS TDF2060액티브,ETF,433880
PLUS TDF2060액티브,ETF,433880
TIGER 차이나클린에너지SOLACTIVE,ETF,396510
TIGER 200IT레버리지,ETF,243880
TIGER 200동일가중,ETF,252000
TIGER 미국나스닥100ETF선물,ETF,483240
TIGER 유로스탁스 레버리지(합성 H),ETF,225050
TIGER 차이나글로벌리더스TOP3+,ETF,0067V0
PLUS 심천차이넥스트(합성),ETF,256450
RISE 200고배당커버드콜ATM,ETF,290080
RISE 글로벌비만산업TOP2+,ETF,476310
RISE 차이나테크TOP10위클리타겟커버드콜,ETF,0094L0
KODEX 코스닥150선물인버스,ETF,251340
KIWOOM 차이나A50커넥트MSCI,ETF,441330
KIWOOM 코스닥150선물인버스,ETF,291620
KODEX 반도체레버리지,ETF,494310
ACE 러시아MSCI(합성),ETF,265690
ACE 인도컨슈머파워액티브,ETF,487910
ACE 중국본토CSI300레버리지(합성),ETF,219900
KoAct 코스닥액티브,ETF,0163Y0
KODEX 미국S&P500버퍼3월액티브,ETF,0026E0
KODEX 미국S&P500버퍼6월액티브,ETF,0068M0
ACE FTSE WGBI Korea,ETF,0010E0
HK 종합채권(AA-이상)액티브,ETF,472920
UNICORN SK하이닉스밸류체인액티브,ETF,494220
ACE AI반도체TOP3+,ETF,469150
ACE KPOP포커스,ETF,475050
ACE TDF2050액티브,ETF,0021E0
ACE 구글밸류체인액티브,ETF,483340
ACE 국고채10년,ETF,365780
ACE 글로벌반도체TOP4 Plus,ETF,446770
ACE 글로벌인컴TOP10,ETF,460960
ACE 라이프자산주주가치액티브,ETF,494330
ACE 머니마켓액티브,ETF,487340
ACE 미국30년국채액티브,ETF,476760
ACE 미국30년국채액티브(H),ETF,453850
ACE 미국30년국채엔화노출액티브(H),ETF,476750
ACE 미국AI테크핵심산업액티브,ETF,0118Z0
ACE 미국S&P500,ETF,360200
ACE 미국S&P500미국채혼합50액티브,ETF,438080
ACE 미국SMR원자력TOP10,ETF,0155M0
ACE 미국WideMoat동일가중,ETF,309230
ACE 미국나스닥100,ETF,367380
ACE 미국대형성장주액티브,ETF,0127P0
ACE 미국배당다우존스,ETF,402970
ACE 미국배당퀄리티+커버드콜액티브,ETF,0049M0
ACE 미국빅테크TOP7 Plus,ETF,465580
ACE 엔비디아밸류체인액티브,ETF,483320
ACE 원자력TOP10,ETF,433500
ACE 종합채권(AA-이상)액티브,ETF,356540
ACE 중장기국공채액티브,ETF,272910
ACE 코스닥150,ETF,354500
ACE 테슬라밸류체인액티브,ETF,457480
ACE 포스코그룹포커스,ETF,469170
PLUS 200,ETF,152100
PLUS K방산,ETF,449450
PLUS K방산소부장,ETF,0090B0
PLUS TDF2060액티브,ETF,433880
PLUS 고배당주,ETF,161510
PLUS 고배당주위클리고정커버드콜,ETF,0018C0
PLUS 고배당주위클리커버드콜,ETF,489030
PLUS 고배당주채권혼합,ETF,251600
PLUS 국고채10년액티브,ETF,461460
PLUS 글로벌방산,ETF,496770
PLUS 금채권혼합,ETF,0138Y0
PLUS 머니마켓액티브,ETF,477050
PLUS 미국양자컴퓨팅TOP10,ETF,0023B0
PLUS 태양광&ESS,ETF,457990
PLUS 테슬라위클리커버드콜채권혼합,ETF,0132K0
PLUS 한화그룹주,ETF,0000J0
1Q 단기금융채액티브,ETF,463290
1Q 미국S&P500,ETF,0026S0
1Q 미국메디컬AI,ETF,0083S0
1Q 미국우주항공테크,ETF,0131V0
1Q 코리아밸류업,ETF,495330
KIWOOM 200,ETF,069660
KIWOOM 국고채10년,ETF,148070
KIWOOM 국고채3년,ETF,114470
KIWOOM 단기자금,ETF,130730
KIWOOM 머니마켓액티브,ETF,476450
KIWOOM 미국양자컴퓨팅,ETF,498270
KIWOOM 미국원유에너지기업,ETF,474800
KIWOOM 코스닥150,ETF,316670
KIWOOM 한국고배당&미국AI테크,ETF,0097L0
TIME K바이오액티브,ETF,463050
TIME 글로벌AI인공지능액티브,ETF,456600
TIME 글로벌우주테크&방산액티브,ETF,478150
TIME 미국나스닥100액티브,ETF,426030
TIME 미국나스닥100채권혼합50액티브,ETF,0019K0
TIME 차이나AI테크액티브,ETF,0043Y0
TIME 코리아밸류업액티브,ETF,495060
TIME 코스피액티브,ETF,385720
HANARO 200,ETF,293180
HANARO CAPEX설비투자iSelect,ETF,454320
HANARO Fn K-반도체,ETF,395270
HANARO K-뷰티,ETF,479850
HANARO K휴머노이드테마TOP10,ETF,0155N0
HANARO 글로벌생성형AI액티브,ETF,461340
HANARO 원자력iSelect,ETF,434730
HANARO 전력설비투자,ETF,491820
HANARO 증권고배당TOP3플러스,ETF,0111J0
RISE 200,ETF,148020
RISE 200선물인버스,ETF,252410
RISE 2차전지TOP10,ETF,465330
RISE 2차전지TOP10인버스(합성),ETF,465350
RISE AI반도체TOP10,ETF,0093A0
RISE AI전력인프라,ETF,0101N0
RISE AI플랫폼,ETF,427120
RISE ESG사회책임투자,ETF,290130
RISE KIS국고채30년Enhanced,ETF,385560
RISE TDF2050액티브,ETF,442570
RISE 고배당,ETF,266160
RISE 국고채3년,ETF,114100
RISE 국고채3년선물인버스,ETF,282000
RISE 국채선물10년인버스,ETF,295020
RISE 글로벌원자력,ETF,442320
RISE 네트워크인프라,ETF,367760
RISE 단기국공채액티브,ETF,272560
RISE 단기채권알파액티브,ETF,385550
RISE 단기통안채,ETF,196230
RISE 단기특수은행채액티브,ETF,0061Z0
RISE 대형고배당10TR,ETF,315960
RISE 머니마켓액티브,ETF,455890
RISE 메타버스,ETF,401170
RISE 미국30년국채엔화노출(합성 H),ETF,472870
RISE 미국AI밸류체인데일리고정커버드콜,ETF,490590
RISE 미국S&P500,ETF,379780
RISE 미국나스닥100,ETF,368590
RISE 미국배당100데일리고정커버드콜,ETF,490600
RISE 미국양자컴퓨팅,ETF,0018Z0
RISE 미국은행TOP10,ETF,0013P0
RISE 미국테크100데일리고정커버드콜,ETF,491620
RISE 미국휴머노이드로봇,ETF,0036R0
RISE 바이오TOP10액티브,ETF,0000Z0
RISE 버크셔포트폴리오TOP10,ETF,475350
RISE 비메모리반도체액티브,ETF,388420
RISE 삼성그룹Top3채권혼합,ETF,448630
RISE 삼성전자SK하이닉스채권혼합50,ETF,0162Z0
RISE 종합채권(A-이상)액티브,ETF,385540
RISE 중기우량회사채,ETF,136340
RISE 코리아금융고배당,ETF,498860
RISE 코리아밸류업,ETF,495050
RISE 코리아밸류업위클리고정커버드콜,ETF,0094M0
RISE 코스닥150,ETF,270810
RISE 코스닥150선물레버리지,ETF,278240
RISE 코스피,ETF,302450
WON 국공채머니마켓액티브,ETF,458030
WON 미국우주항공방산,ETF,440910
WON 전단채플러스액티브,ETF,496020
SOL 200TR,ETF,295040
SOL 2차전지소부장Fn,ETF,455860
SOL AI반도체소부장,ETF,455850
SOL CD금리&머니마켓액티브,ETF,497880
SOL K방산,ETF,490480
SOL 국고채3년,ETF,438560
SOL 국제금,ETF,0066W0
SOL 국제금커버드콜액티브,ETF,0022T0
SOL 글로벌AI반도체탑픽액티브,ETF,423170
SOL 머니마켓액티브,ETF,484890
SOL 미국30년국채커버드콜(합성),ETF,473330
SOL 미국AI소프트웨어,ETF,481180
SOL 미국AI전력인프라,ETF,486450
SOL 미국넥스트테크TOP10액티브,ETF,0118S0
SOL 미국배당다우존스,ETF,446720
SOL 미국배당미국채혼합50,ETF,490490
SOL 미국양자컴퓨팅TOP10,ETF,0023A0
SOL 미국원자력SMR,ETF,0051G0
SOL 미국테크TOP10,ETF,481190
SOL 반도체전공정,ETF,475300
SOL 반도체후공정,ETF,475310
SOL 조선TOP3플러스,ETF,466920
SOL 조선TOP3플러스레버리지,ETF,0080Y0
SOL 종합채권(AA-이상)액티브,ETF,436140
SOL 중단기회사채(A-이상)액티브,ETF,0016X0
SOL 코리아고배당,ETF,0105E0
SOL 코리아메가테크액티브,ETF,444200
SOL 팔란티어미국채커버드콜혼합,ETF,0040X0
SOL 팔란티어커버드콜OTM채권혼합,ETF,0040Y0
SOL 한국원자력SMR,ETF,0092B0
KODEX 200,ETF,069500
KODEX 200ESG,ETF,337160
KODEX 200TR,ETF,278530
KODEX 200미국채혼합,ETF,284430
KODEX 200선물인버스2X,ETF,252670
KODEX 200액티브,ETF,494890
KODEX 200타겟위클리커버드콜,ETF,498400
KODEX 26-12 회사채(AA-이상)액티브,ETF,473290
KODEX 27-12 회사채(AA-이상)액티브,ETF,0007F0
KODEX 28-12 회사채(AA-이상)액티브,ETF,0119H0
KODEX 2차전지산업,ETF,305720
KODEX 2차전지핵심소재10,ETF,461950
KODEX 33-06 국고채액티브,ETF,457690
KODEX 3대농산물선물(H),ETF,271060
KODEX AI반도체핵심장비,ETF,471990
KODEX AI전력핵심설비,ETF,487240
KODEX CD금리액티브(합성),ETF,459580
KODEX K-뉴딜디지털플러스,ETF,368680
KODEX KOFR금리액티브(합성),ETF,423160
KODEX K조선TOP10,ETF,0115D0
KODEX MSCI선진국,ETF,251350
KODEX TDF2040액티브,ETF,433980
KODEX TDF2050액티브,ETF,434060
KODEX TDF2060액티브,ETF,0082V0
KODEX WTI원유선물(H),ETF,261220
KODEX WTI원유선물인버스(H),ETF,271050
KODEX iShares미국하이일드액티브,ETF,468380
KODEX 건설,ETF,117700
KODEX 골드선물(H),ETF,132030
KODEX 국고채10년액티브,ETF,471230
KODEX 국고채3년,ETF,114260
KODEX 국채선물10년,ETF,152380
KODEX 국채선물3년인버스,ETF,292770
KODEX 글로벌비만치료제TOP2 Plus,ETF,476070
KODEX 금융고배당TOP10,ETF,0089D0
KODEX 금융고배당TOP10타겟위클리커버드콜,ETF,498410
KODEX 기계장비,ETF,102960
KODEX 단기채권PLUS,ETF,214980
KODEX 레버리지,ETF,122630
KODEX 로봇액티브,ETF,445290
KODEX 머니마켓액티브,ETF,488770
KODEX 메타버스액티브,ETF,401470
KODEX 미국10년국채선물,ETF,308620
KODEX 미국30년국채액티브(H),ETF,484790
KODEX 미국30년국채울트라선물(H),ETF,304660
KODEX 미국AI반도체TOP3플러스,ETF,0151S0
KODEX 미국AI전력핵심인프라,ETF,487230
KODEX 미국AI테크TOP10,ETF,485540
KODEX 미국AI테크TOP10타겟커버드콜,ETF,483280
KODEX 미국S&P500,ETF,379800
KODEX 미국S&P500(H),ETF,449180
KODEX 미국S&P500데일리커버드콜OTM,ETF,0005A0
KODEX 미국S&P500액티브,ETF,0041E0
KODEX 미국S&P500필수소비재,ETF,453630
KODEX 미국나스닥100,ETF,379810
KODEX 미국나스닥100(H),ETF,449190
KODEX 미국나스닥100데일리커버드콜OTM,ETF,494300
KODEX 미국나스닥AI테크액티브,ETF,411420
KODEX 미국달러선물레버리지,ETF,261250
KODEX 미국달러선물인버스,ETF,261270
KODEX 미국달러선물인버스2X,ETF,261260
KODEX 미국드론UAM TOP10,ETF,0144M0
KODEX 미국머니마켓액티브,ETF,0048J0
KODEX 미국반도체,ETF,390390
KODEX 미국배당커버드콜액티브,ETF,441640
KODEX 미국빅테크10(H),ETF,314250
KODEX 미국서학개미,ETF,473460
KODEX 미국성장커버드콜액티브,ETF,0144L0
KODEX 미국종합채권ESG액티브(H),ETF,437080
KODEX 미국휴머노이드로봇,ETF,0038A0
KODEX 반도체,ETF,091160
KODEX 방산TOP10,ETF,0080G0
KODEX 보험,ETF,140700
KODEX 삼성그룹밸류,ETF,213610
KODEX 삼성전자채권혼합,ETF,448330
KODEX 신재생에너지액티브,ETF,385510
KODEX 원자력SMR,ETF,0098F0
KODEX 웹툰&드라마,ETF,395150
KODEX 은선물(H),ETF,144600
KODEX 은행,ETF,091170
KODEX 인도Nifty50,ETF,453810
KODEX 인버스,ETF,114800
KODEX 자동차,ETF,091180
KODEX 장기종합채권(AA-이상)액티브,ETF,363570
KODEX 종합채권(AA-이상)액티브,ETF,273130
KODEX 차이나H 레버리지(H),ETF,204450
KODEX 차이나항셍테크,ETF,372330
KODEX 철강,ETF,117680
KODEX 코스닥150,ETF,229200
KODEX 코스닥150레버리지,ETF,233740
KODEX 코스닥150선물인버스,ETF,251340
KODEX 코스피,ETF,226490
KODEX 코스피100,ETF,237350
KODEX 테슬라커버드콜채권혼합액티브,ETF,475080
KODEX 한국부동산리츠인프라,ETF,476800
KoAct 미국나스닥성장기업액티브,ETF,0015B0
KoAct 미국천연가스인프라액티브,ETF,497780
KoAct 반도체&2차전지핵심소재액티브,ETF,482030
KoAct 배당성장액티브,ETF,476850
KoAct 코리아밸류업액티브,ETF,495230
TIGER 200IT,ETF,139260
TIGER 200건설,ETF,139220
TIGER 200금융,ETF,139270
TIGER 200선물인버스2X,ETF,252710
TIGER 200중공업,ETF,139230
TIGER 27-04회사채(A+이상)액티브,ETF,480260
TIGER 2차전지TOP10,ETF,364980
TIGER 2차전지소재Fn,ETF,462010
TIGER 2차전지테마,ETF,305540
TIGER AI반도체핵심공정,ETF,471760
TIGER CD금리투자KIS(합성),ETF,357870
TIGER Fn신재생에너지,ETF,377990
TIGER KOFR금리액티브(합성),ETF,449170
TIGER K게임,ETF,300610
TIGER K방산&우주,ETF,463250
TIGER LG그룹플러스,ETF,138530
TIGER TDF2045,ETF,0025N0
TIGER 게임TOP10,ETF,364990
TIGER 글로벌AI&로보틱스 INDXX,ETF,464310
TIGER 글로벌AI액티브,ETF,466950
TIGER 글로벌AI인프라액티브,ETF,491010
TIGER 글로벌온디바이스AI,ETF,480310
TIGER 단기채권액티브,ETF,272580
TIGER 단기통안채,ETF,157450
TIGER 리츠부동산인프라,ETF,329200
TIGER 머니마켓액티브,ETF,0043B0
TIGER 미국30년국채스트립액티브(합성 H),ETF,458250
TIGER 미국30년국채커버드콜액티브(H),ETF,476550
TIGER 미국AI데이터센터TOP4Plus,ETF,0142D0
TIGER 미국AI빅테크10,ETF,490090
TIGER 미국AI소프트웨어TOP4Plus,ETF,0102A0
TIGER 미국AI전력SMR,ETF,0123G0
TIGER 미국S&P500,ETF,360750
TIGER 미국S&P500(H),ETF,448290
TIGER 미국S&P500배당귀족,ETF,429000
TIGER 미국S&P500타겟데일리커버드콜,ETF,482730
TIGER 미국나스닥100,ETF,133690
TIGER 미국나스닥100(H),ETF,448300
TIGER 미국나스닥100타겟데일리커버드콜,ETF,486290
TIGER 미국달러단기채권액티브,ETF,329750
TIGER 미국방산TOP10,ETF,494840
TIGER 미국배당다우존스,ETF,458730
TIGER 미국배당다우존스타겟데일리커버드콜,ETF,0008S0
TIGER 미국배당다우존스타겟커버드콜2호,ETF,458760
TIGER 미국초단기(3개월이하)국채,ETF,0046A0
TIGER 미국테크TOP10 INDXX,ETF,381170
TIGER 미국테크TOP10타겟커버드콜,ETF,474220
TIGER 미국투자등급회사채액티브(H),ETF,458260
TIGER 미국필라델피아AI반도체나스닥,ETF,497570
TIGER 미국필라델피아반도체나스닥,ETF,381180
TIGER 미국필라델피아반도체레버리지(합성),ETF,423920
TIGER 바이오TOP10,ETF,364970
TIGER 반도체TOP10,ETF,396500
TIGER 반도체TOP10레버리지,ETF,488080
TIGER 배당성장,ETF,211560
TIGER 배당커버드콜액티브,ETF,472150
TIGER 삼성그룹,ETF,138520
TIGER 소프트웨어,ETF,157490
TIGER 우량회사채액티브,ETF,438330
TIGER 원유선물Enhanced(H),ETF,130680
TIGER 원유선물인버스(H),ETF,217770
TIGER 은행,ETF,091220
TIGER 인도니프티50,ETF,453870
TIGER 인도빌리언컨슈머,ETF,479730
TIGER 인버스,ETF,123310
TIGER 일본니케이225,ETF,241180
TIGER 일본엔선물,ETF,292560
TIGER 조선TOP10,ETF,494670
TIGER 증권,ETF,157500
TIGER 지주회사,ETF,307520
TIGER 차이나AI소프트웨어,ETF,0067Y0
TIGER 차이나HSCEI,ETF,245360
TIGER 차이나바이오테크SOLACTIVE,ETF,371470
TIGER 차이나반도체FACTSET,ETF,396520
TIGER 차이나전기차SOLACTIVE,ETF,371460
TIGER 차이나전기차레버리지(합성),ETF,456680
TIGER 차이나클린에너지SOLACTIVE,ETF,396510
TIGER 차이나테크TOP10,ETF,0047A0
TIGER 차이나항셍테크,ETF,371160
TIGER 차이나항셍테크레버리지(합성 H),ETF,438320
TIGER 차이나휴머노이드로봇,ETF,0053L0
TIGER 코리아AI전력기기TOP3플러스,ETF,0117V0
TIGER 코리아TOP10,ETF,292150
TIGER 코리아밸류업,ETF,496080
TIGER 코리아원자력,ETF,0091P0
TIGER 코리아테크액티브,ETF,471780
TIGER 코리아휴머노이드로봇산업,ETF,0148J0
TIGER 코스닥150,ETF,232080
TIGER 코스닥150 레버리지,ETF,233160
TIGER 코스닥150선물인버스,ETF,250780
TIGER 퓨처모빌리티액티브,ETF,387280
TIGER 현대차그룹플러스,ETF,138540
TIGER 화장품,ETF,228790
DAISHIN343 AI반도체&인프라액티브,ETF,486240
TIGER TDF2045,ETF,0025N0
파워 고배당저변동성,ETF,192720
TIME 코스닥액티브,ETF,0162Y0
TIME 코스닥액티브,ETF,0162Y0
SOL 미국30년국채커버드콜(합성),ETF,473330
SOL 미국30년국채커버드콜(합성),ETF,473330
SOL 미국AI소프트웨어,ETF,481180
SOL 미국AI소프트웨어,ETF,481180
SOL 미국AI전력인프라,ETF,486450
SOL 미국AI전력인프라,ETF,486450
TIGER 단기통안채,ETF,157450
TIGER 단기통안채,ETF,157450
SOL 미국원자력SMR,ETF,0051G0
SOL 미국원자력SMR,ETF,0051G0
SOL 미국테크TOP10,ETF,481190
SOL 미국테크TOP10,ETF,481190
KODEX 차이나AI테크액티브,ETF,428510
KODEX 차이나AI테크액티브,ETF,428510
KODEX Top5PlusTR,ETF,315930
KIWOOM Fn유전자혁신기술,ETF,460280
KIWOOM 글로벌퓨처모빌리티,ETF,394350
KIWOOM 미국ETF산업STOXX,ETF,426330
KIWOOM 차이나A50커넥트MSCI,ETF,441330
TIGER 글로벌온디바이스AI,ETF,480310
마이다스 중소형액티브,ETF,438740
에셋플러스 글로벌플랫폼액티브,ETF,407830
에셋플러스 코리아대장장이액티브,ETF,442090
TIME 글로벌소비트렌드액티브,ETF,494180
TIME 미국S&P500액티브,ETF,426020
TIME 미국나스닥100액티브,ETF,426030
UNICORN 생성형AI강소기업액티브,ETF,470310
에셋플러스 글로벌일등기업포커스10액티브,ETF,477490
TIGER 차이나전기차레버리지(합성),ETF,456680
TIGER 차이나클린에너지SOLACTIVE,ETF,396510
TIGER 코스닥150IT,ETF,261060
TIME 글로벌AI인공지능액티브,ETF,456600
TIME 글로벌바이오액티브,ETF,485810
TIGER 원유선물인버스(H),ETF,217770
TIGER 유로스탁스 레버리지(합성 H),ETF,225050
TIGER 유로스탁스50(합성 H),ETF,195930
TIGER 유로스탁스배당30,ETF,245350
TIGER 일본TOPIX(합성 H),ETF,195920
TIGER 차이나글로벌리더스TOP3+,ETF,0067V0
TIGER 미국나스닥바이오,ETF,203780
TIGER 미국소비트렌드액티브,ETF,0015K0
TIGER 미국필라델피아AI반도체나스닥,ETF,497570
TIGER 엔비디아미국채커버드콜밸런스(합성),ETF,0000D0
TIGER 미국AI소프트웨어TOP4Plus,ETF,0102A0
TIGER 미국AI전력SMR,ETF,0123G0
TIGER 미국S&P500레버리지(합성 H),ETF,225040
TIGER 미국나스닥100ETF선물,ETF,483240
TIGER 미국나스닥100레버리지(합성),ETF,418660
TIGER 미국나스닥넥스트100,ETF,429010
TIGER 글로벌자율주행&전기차SOLACTIVE,ETF,394660
TIGER 글로벌클라우드컴퓨팅INDXX,ETF,371450
TIGER 글로벌혁신블루칩TOP10,ETF,464930
TIGER 글로벌AI액티브,ETF,466950
TIGER 글로벌AI인프라액티브,ETF,491010
TIGER 글로벌사이버보안INDXX,ETF,418670
TIGER 2차전지TOP10레버리지,ETF,412570
TIGER BBIG레버리지,ETF,412560
TIGER 구리실물,ETF,160580
TIGER 글로벌4차산업혁신기술(합성 H),ETF,275980
SOL 미국테크TOP10,ETF,481190
SOL 한국형글로벌전기차&2차전지액티브,ETF,429980
TIGER 200에너지화학레버리지,ETF,243890
TIGER 200커버드콜,ETF,289480
SOL 미국AI반도체칩메이커,ETF,479620
SOL 미국AI소프트웨어,ETF,481180
SOL 미국AI전력인프라,ETF,486450
SOL 미국넥스트테크TOP10액티브,ETF,0118S0
SOL 미국양자컴퓨팅TOP10,ETF,0023A0
SOL 미국원자력SMR,ETF,0051G0
SOL 글로벌AI반도체탑픽액티브,ETF,423170
SOL 글로벌탄소배출권선물ICE(합성),ETF,400590
RISE 엔비디아고정테크100,ETF,0093B0
RISE 유로스탁스50(H),ETF,379790
RISE 중국본토CSI300,ETF,463300
RISE 미국천연가스밸류체인,ETF,0036Z0
RISE 미국휴머노이드로봇,ETF,0036R0
KODEX 미국S&P바이오(합성),ETF,185680
RISE 미국반도체인버스(합성 H),ETF,491630
RISE 미국양자컴퓨팅,ETF,0018Z0
RISE 미국은행TOP10,ETF,0013P0
RISE 미국AI밸류체인데일리고정커버드콜,ETF,490590
RISE 미국AI클라우드인프라,ETF,0127R0
RISE 미국AI테크액티브,ETF,495940
RISE 미국반도체NYSE,ETF,469060
RISE 미국반도체NYSE(H),ETF,469050
RISE 2차전지TOP10인버스(합성),ETF,465350
RISE 글로벌게임테크TOP3Plus,ETF,0114X0
RISE 글로벌데이터센터리츠(합성),ETF,375270
RISE 글로벌비만산업TOP2+,ETF,476310
RISE 글로벌원자력,ETF,442320
RISE 미국AI밸류체인TOP3Plus,ETF,485690
PLUS 코스닥150선물인버스,ETF,301410
PLUS 미국양자컴퓨팅TOP10,ETF,0023B0
PLUS 미국테크TOP10,ETF,461900
PLUS 미국테크TOP10레버리지(합성),ETF,461910
PLUS 선진국MSCI(합성 H),ETF,195970
PLUS 신흥국MSCI(합성 H),ETF,195980
PLUS 심천차이넥스트(합성),ETF,256450
PLUS 글로벌희토류&전략자원생산기업,ETF,415920
PLUS 미국AI에이전트,ETF,0050E0
PLUS 미국나스닥테크,ETF,287180
PLUS 미국다우존스고배당주(합성 H),ETF,213630
PLUS 미국로보택시,ETF,0078V0
PLUS 글로벌원자력밸류체인,ETF,0007G0
PLUS K방산레버리지,ETF,0104G0
PLUS 글로벌AI인프라,ETF,489010
PLUS 글로벌수소&차세대연료전지,ETF,419650
KoAct 글로벌친환경전력인프라액티브,ETF,475070
KoAct 미국바이오헬스케어액티브,ETF,0113G0
KoAct 브로드컴밸류체인액티브,ETF,0051A0
KoAct 팔란티어밸류체인액티브,ETF,0093D0
KoAct 글로벌K컬처밸류체인액티브,ETF,0132D0
KoAct 글로벌양자컴퓨팅액티브,ETF,0020H0
KoAct 글로벌AI&로봇액티브,ETF,471040
KODEX 미국휴머노이드로봇,ETF,0038A0
KODEX 반도체레버리지,ETF,494310
KODEX 최소변동성,ETF,279540
KODEX 퀄리티Plus,ETF,244660
KODEX 테슬라밸류체인FactSet,ETF,459560
KODEX 미국스마트모빌리티S&P,ETF,390400
KODEX 미국원자력SMR,ETF,0132H0
KODEX 미국러셀2000(H),ETF,280930
KODEX 미국반도체,ETF,390390
KODEX 미국부동산리츠(H),ETF,352560
KODEX 미국나스닥AI테크액티브,ETF,411420
KODEX 미국드론UAM TOP10,ETF,0144M0
KODEX 미국금융테크액티브,ETF,0028X0
KODEX 미국나스닥100레버리지(합성 H),ETF,409820
KODEX 미국S&P500버퍼6월액티브,ETF,0068M0
KODEX 미국S&P500헬스케어,ETF,453640
KODEX 미국S&P500버퍼3월액티브,ETF,0026E0
KODEX 미국S&P500테크놀로지,ETF,463680
KODEX 미국S&P500필수소비재,ETF,453630
KODEX 미국AI전력핵심인프라,ETF,487230
KODEX 미국ETF산업Top10 Indxx,ETF,428560
KODEX 미국S&P500유틸리티,ETF,463640
ACE 주주환원가치주액티브,ETF,447430
KODEX WTI원유선물인버스(H),ETF,271050
KODEX 글로벌로봇(합성),ETF,276990
KODEX KRX300레버리지,ETF,306950
KIWOOM 미국양자컴퓨팅,ETF,498270
KODEX 200선물인버스2X,ETF,252670
KIWOOM 미국성장기업30액티브,ETF,459790
KIWOOM 미국ETF산업STOXX,ETF,426330
KIWOOM 미국S&P500모멘텀,ETF,0137V0
KIWOOM K-반도체북미공급망,ETF,488210
KIWOOM 글로벌AI반도체,ETF,473490
KIWOOM 글로벌퓨처모빌리티,ETF,394350
HK 베스트일레븐액티브,ETF,391670
KCGI 미국S&P500 TOP10,ETF,483570
KIWOOM 200선물인버스,ETF,253240
KIWOOM 200선물인버스2X,ETF,253230
HANARO 글로벌금채굴기업,ETF,473640
HANARO 글로벌럭셔리S&P(합성),ETF,354350
HANARO 글로벌생성형AI액티브,ETF,461340
HANARO 코스닥150선물레버리지,ETF,306530
HK 200,ETF,491700
ACE 중국본토CSI300레버리지(합성),ETF,219900
ACE 테슬라밸류체인액티브,ETF,457480
ACE미국반도체데일리타겟커버드콜(합성),ETF,480040
HANARO Fn K-뉴딜디지털플러스,ETF,368190
ACE 미국친환경그린테마,ETF,391600
ACE 일본TOPIX레버리지(H),ETF,196030
ACE 중국과창판STAR50,ETF,416090
ACE 미국중심중소형제조업,ETF,0008E0
ACE FTSE WGBI Korea,ETF,0010E0
ACE 미국주식베스트셀러,ETF,473590
ACE 미국빅테크TOP7 Plus레버리지(합성),ETF,465610
ACE 미국SMR원자력TOP10,ETF,0155M0
ACE 미국배당퀄리티,ETF,0046Y0
ACE 미국AI테크핵심산업액티브,ETF,0118Z0
ACE 구글밸류체인액티브,ETF,483340
ACE 글로벌AI맞춤형반도체,ETF,494340
ACE 러시아MSCI(합성),ETF,265690
1Q 미국메디컬AI,ETF,0083S0
1Q 미국우주항공테크,ETF,0131V0
TIME 코스닥액티브,ETF,0162Y0
RISE 차이나AI반도체TOP4Plus,ETF,0164G0
KoAct 코스닥액티브,ETF,0163Y0
1Q 미국우주항공테크,ETF,0131V0
1Q 미국우주항공테크,ETF,0131V0
ACE AI반도체TOP3+,ETF,469150
ACE 리츠부동산인프라액티브,ETF,0153P0
ACE 포스코그룹포커스,ETF,469170
HK 베스트일레븐액티브,ETF,391670
KODEX 200미국채혼합,ETF,284430
KODEX 200타겟위클리커버드콜,ETF,498400
KODEX TRF3070,ETF,329650
KODEX TRF5050,ETF,329660
KODEX TRF7030,ETF,329670
KODEX 금융고배당TOP10,ETF,0089D0
KODEX 단기변동금리부채권액티브,ETF,273140
KODEX 단기채권,ETF,153130
KODEX 단기채권PLUS,ETF,214980
KODEX 미국10년국채액티브(H),ETF,0091C0
KODEX 미국30년국채타겟커버드콜(합성 H),ETF,481060
KODEX 미국S&P500배당귀족커버드콜(합성 H),ETF,276970
KODEX 미국S&P500버퍼3월액티브,ETF,0026E0
KODEX 미국배당다우존스,ETF,489250
KODEX 미국배당커버드콜액티브,ETF,441640
KODEX 삼성전자채권혼합,ETF,448330
KODEX 주주환원고배당주,ETF,0153K0
KODEX 코리아배당성장채권혼합,ETF,237370
KODEX 한국부동산리츠인프라,ETF,476800
ACE 11월만기자동연장회사채AA-이상액티브,ETF,473440
ACE 11월만기자동연장회사채AA-이상액티브,ETF,473440
WON 국공채머니마켓액티브,ETF,458030
WON 미국빌리어네어,ETF,489290
WON 종합채권(AA-이상)액티브,ETF,488720
WON 초대형IB&금융지주,ETF,0154F0
1Q 200액티브,ETF,451060
1Q 단기금융채액티브,ETF,463290
1Q 미국나스닥100,ETF,0069M0
1Q 미국나스닥100미국채혼합50액티브,ETF,0111P0
1Q 미국우주항공테크,ETF,0131V0
1Q 중단기회사채(A-이상)액티브,ETF,0052T0
1Q 코리아밸류업,ETF,495330
HK 종합채권(AA-이상)액티브,ETF,472920
KIWOOM 200,ETF,069660
KIWOOM 200TR,ETF,294400
KIWOOM Fn유전자혁신기술,ETF,460280
KIWOOM 국고채10년,ETF,148070
KIWOOM 독일DAX,ETF,411860
KIWOOM 머니마켓액티브,ETF,476450
KIWOOM 미국S&P500&GOLD,ETF,0137W0
KIWOOM 미국고배당&AI테크,ETF,0107F0
KIWOOM 미국나스닥100(H),ETF,453080
KIWOOM 미국달러선물,ETF,138230
KIWOOM 미국달러선물레버리지,ETF,225800
KIWOOM 미국양자컴퓨팅,ETF,498270
KIWOOM 종합채권(AA-이상)액티브,ETF,454780
KIWOOM 코스닥150,ETF,316670
PLUS 200,ETF,152100
PLUS K방산,ETF,449450
PLUS K방산레버리지,ETF,0104G0
PLUS TDF2060액티브,ETF,433880
PLUS 고배당주,ETF,161510
PLUS 고배당주위클리커버드콜,ETF,489030
PLUS 고배당주채권혼합,ETF,251600
PLUS 국공채머니마켓액티브,ETF,491230
PLUS 국채선물3년,ETF,298340
PLUS 글로벌방산,ETF,496770
PLUS 글로벌수소&차세대연료전지,ETF,419650
PLUS 미국S&P500(H),ETF,269540
PLUS 미국양자컴퓨팅TOP10,ETF,0023B0
PLUS 선진국MSCI(합성 H),ETF,195970
PLUS 우주항공&UAM,ETF,421320
PLUS 자사주매입고배당주,ETF,0098N0
PLUS 코스닥150,ETF,301400
PLUS 테슬라위클리커버드콜채권혼합,ETF,0132K0
PLUS 한화그룹주,ETF,0000J0
TIME Korea플러스배당액티브,ETF,441800
TIME K바이오액티브,ETF,463050
TIME K컬처액티브,ETF,410870
TIME 글로벌AI인공지능액티브,ETF,456600
TIME 글로벌우주테크&방산액티브,ETF,478150
TIME 미국S&P500액티브,ETF,426020
TIME 미국나스닥100액티브,ETF,426030
TIME 미국나스닥100채권혼합50액티브,ETF,0019K0
TIME 차이나AI테크액티브,ETF,0043Y0
TIME 코리아밸류업액티브,ETF,495060
ACE 200,ETF,105190
ACE 200TR,ETF,332500
ACE AI반도체TOP3+,ETF,469150
ACE KPOP포커스,ETF,475050
ACE KRX금현물,ETF,411060
ACE TDF2030액티브,ETF,0021D0
ACE TDF2050액티브,ETF,0021E0
ACE 구글밸류체인액티브,ETF,483340
ACE 국고채10년,ETF,365780
ACE 글로벌반도체TOP4 Plus,ETF,446770
ACE 글로벌자율주행액티브,ETF,414270
ACE 단기통안채,ETF,190620
ACE 라이프자산주주가치액티브,ETF,494330
ACE 미국10년국채액티브,ETF,0085P0
ACE 미국30년국채액티브,ETF,476760
ACE 미국30년국채액티브(H),ETF,453850
ACE 미국AI테크핵심산업액티브,ETF,0118Z0
ACE 미국S&P500,ETF,360200
ACE 미국SMR원자력TOP10,ETF,0155M0
ACE 미국나스닥100,ETF,367380
ACE 미국달러SOFR금리(합성),ETF,456880
ACE 미국달러단기채권액티브,ETF,440650
ACE 미국대형가치주액티브,ETF,0127M0
ACE 미국대형성장주액티브,ETF,0127P0
ACE 미국배당다우존스,ETF,402970
ACE 미국배당퀄리티채권혼합50,ETF,0049K0
ACE 미국빅테크TOP7 Plus,ETF,465580
ACE 미국중심중소형제조업,ETF,0008E0
ACE 미국하이일드액티브(H),ETF,455660
ACE 엔비디아밸류체인액티브,ETF,483320
ACE 엔비디아채권혼합,ETF,448540
ACE 원자력TOP10,ETF,433500
ACE 종합채권(AA-이상)액티브,ETF,356540
ACE 중장기국공채액티브,ETF,272910
ACE 코스피,ETF,305050
ACE 테슬라밸류체인액티브,ETF,457480
ACE 포스코그룹포커스,ETF,469170
HANARO 200,ETF,293180
HANARO 200 TOP10,ETF,407310
HANARO Fn K-반도체,ETF,395270
HANARO K휴머노이드테마TOP10,ETF,0155N0
HANARO 반도체핵심공정주도주,ETF,476260
HANARO 원자력iSelect,ETF,434730
HANARO 코스닥150선물레버리지,ETF,306530
RISE 200,ETF,148020
RISE 200위클리커버드콜,ETF,475720
RISE 2차전지TOP10,ETF,465330
RISE 2차전지액티브,ETF,422420
RISE AI&로봇,ETF,469070
RISE AI반도체TOP10,ETF,0093A0
RISE AI전력인프라,ETF,0101N0
RISE ESG사회책임투자,ETF,290130
RISE KOFR금리액티브(합성),ETF,479520
RISE 고배당,ETF,266160
RISE 글로벌원자력,ETF,442320
RISE 네트워크인프라,ETF,367760
RISE 단기국공채액티브,ETF,272560
RISE 대형고배당10TR,ETF,315960
RISE 머니마켓액티브,ETF,455890
RISE 미국AI밸류체인데일리고정커버드콜,ETF,490590
RISE 미국고정배당우선증권,ETF,354240
RISE 미국나스닥100,ETF,368590
RISE 미국반도체NYSE,ETF,469060
RISE 미국배당100데일리고정커버드콜,ETF,490600
RISE 미국은행TOP10,ETF,0013P0
RISE 미국테크100데일리고정커버드콜,ETF,491620
RISE 미국휴머노이드로봇,ETF,0036R0
RISE 배터리 리사이클링,ETF,446700
RISE 비메모리반도체액티브,ETF,388420
RISE 삼성그룹Top3채권혼합,ETF,448630
RISE 삼성전자SK하이닉스채권혼합50,ETF,0162Z0
RISE 종합채권(A-이상)액티브,ETF,385540
RISE 중기우량회사채,ETF,136340
RISE 코리아금융고배당,ETF,498860
RISE 코리아밸류업,ETF,495050
RISE 코리아밸류업위클리고정커버드콜,ETF,0094M0
RISE 코스닥150,ETF,270810
SOL 2차전지소부장Fn,ETF,455860
SOL AI반도체소부장,ETF,455850
SOL K방산,ETF,490480
SOL 머니마켓액티브,ETF,484890
SOL 미국30년국채액티브(H),ETF,461600
SOL 미국AI소프트웨어,ETF,481180
SOL 미국AI전력인프라,ETF,486450
SOL 미국S&P500,ETF,433330
SOL 미국넥스트테크TOP10액티브,ETF,0118S0
SOL 미국배당다우존스,ETF,446720
SOL 미국배당다우존스(H),ETF,452360
SOL 미국양자컴퓨팅TOP10,ETF,0023A0
SOL 미국원자력SMR,ETF,0051G0
SOL 미국테크TOP10,ETF,481190
SOL 반도체전공정,ETF,475300
SOL 의료기기소부장Fn,ETF,464610
SOL 자동차TOP3플러스,ETF,466930
SOL 조선TOP3플러스,ETF,466920
SOL 조선TOP3플러스레버리지,ETF,0080Y0
SOL 조선기자재,ETF,0141S0
SOL 종합채권(AA-이상)액티브,ETF,436140
SOL 중단기회사채(A-이상)액티브,ETF,0016X0
SOL 초단기채권액티브,ETF,469830
SOL 코리아고배당,ETF,0105E0
SOL 코리아메가테크액티브,ETF,444200
SOL 코스닥150,ETF,450910
SOL 팔란티어미국채커버드콜혼합,ETF,0040X0
SOL 팔란티어커버드콜OTM채권혼합,ETF,0040Y0
SOL 한국원자력SMR,ETF,0092B0
에셋플러스 차이나일등기업포커스10액티브,ETF,474920
FOCUS AI코리아액티브,ETF,448570
KODEX 200,ETF,069500
KODEX 200미국채혼합,ETF,284430
KODEX 200선물인버스2X,ETF,252670
KODEX 200액티브,ETF,494890
KODEX 200타겟위클리커버드콜,ETF,498400
KODEX 26-12 회사채(AA-이상)액티브,ETF,473290
KODEX 28-12 회사채(AA-이상)액티브,ETF,0119H0
KODEX 2차전지산업,ETF,305720
KODEX 2차전지산업레버리지,ETF,462330
KODEX 2차전지핵심소재10,ETF,461950
KODEX 3대농산물선물(H),ETF,271060
KODEX AI반도체,ETF,395160
KODEX AI반도체핵심장비,ETF,471990
KODEX AI전력핵심설비,ETF,487240
KODEX CD1년금리플러스액티브(합성),ETF,481050
KODEX CD금리액티브(합성),ETF,459580
KODEX ESG종합채권(A-이상)액티브,ETF,439860
KODEX KOFR금리액티브(합성),ETF,423160
KODEX K조선TOP10,ETF,0115D0
KODEX MSCI선진국,ETF,251350
KODEX TDF2030액티브,ETF,433970
KODEX TDF2050액티브,ETF,434060
KODEX TDF2060액티브,ETF,0082V0
KODEX Top5PlusTR,ETF,315930
KODEX WTI원유선물(H),ETF,261220
KODEX WTI원유선물인버스(H),ETF,271050
KODEX iShares미국하이일드액티브,ETF,468380
KODEX 게임산업,ETF,300950
KODEX 고배당주,ETF,279530
KODEX 골드선물(H),ETF,132030
KODEX 구리선물(H),ETF,138910
KODEX 국고채30년액티브,ETF,439870
KODEX 국고채3년,ETF,114260
KODEX 글로벌비만치료제TOP2 Plus,ETF,476070
KODEX 금액티브,ETF,0064K0
KODEX 금융고배당TOP10,ETF,0089D0
KODEX 금융고배당TOP10타겟위클리커버드콜,ETF,498410
KODEX 단기채권PLUS,ETF,214980
KODEX 레버리지,ETF,122630
KODEX 로봇액티브,ETF,445290
KODEX 머니마켓액티브,ETF,488770
KODEX 미국30년국채액티브(H),ETF,484790
KODEX 미국30년국채울트라선물(H),ETF,304660
KODEX 미국AI전력핵심인프라,ETF,487230
KODEX 미국AI테크TOP10,ETF,485540
KODEX 미국S&P500,ETF,379800
KODEX 미국S&P500(H),ETF,449180
KODEX 미국S&P500금융,ETF,453650
KODEX 미국S&P500데일리커버드콜OTM,ETF,0005A0
KODEX 미국S&P500테크놀로지,ETF,463680
KODEX 미국S&P500헬스케어,ETF,453640
KODEX 미국S&P바이오(합성),ETF,185680
KODEX 미국나스닥100,ETF,379810
KODEX 미국나스닥100(H),ETF,449190
KODEX 미국나스닥100데일리커버드콜OTM,ETF,494300
KODEX 미국나스닥100선물인버스(H),ETF,409810
KODEX 미국나스닥AI테크액티브,ETF,411420
KODEX 미국달러선물,ETF,261240
KODEX 미국달러선물레버리지,ETF,261250
KODEX 미국달러선물인버스,ETF,261270
KODEX 미국달러선물인버스2X,ETF,261260
KODEX 미국머니마켓액티브,ETF,0048J0
KODEX 미국반도체,ETF,390390
KODEX 미국배당다우존스,ETF,489250
KODEX 미국배당커버드콜액티브,ETF,441640
KODEX 미국빅테크10(H),ETF,314250
KODEX 미국서학개미,ETF,473460
KODEX 미국성장커버드콜액티브,ETF,0144L0
KODEX 미국원자력SMR,ETF,0132H0
KODEX 미국종합채권ESG액티브(H),ETF,437080
KODEX 미국휴머노이드로봇,ETF,0038A0
KODEX 바이오,ETF,244580
KODEX 반도체,ETF,091160
KODEX 방산TOP10,ETF,0080G0
KODEX 삼성그룹,ETF,102780
KODEX 삼성그룹밸류,ETF,213610
KODEX 삼성전자채권혼합,ETF,448330
KODEX 운송,ETF,140710
KODEX 원자력SMR,ETF,0098F0
KODEX 은선물(H),ETF,144600
KODEX 은행,ETF,091170
KODEX 인버스,ETF,114800
KODEX 자동차,ETF,091180
KODEX 장기종합채권(AA-이상)액티브,ETF,363570
KODEX 종합채권(AA-이상)액티브,ETF,273130
KODEX 주주환원고배당주,ETF,0153K0
KODEX 증권,ETF,102970
KODEX 차이나A50,ETF,169950
KODEX 차이나항셍테크,ETF,372330
KODEX 코리아밸류업,ETF,495850
KODEX 코스닥150,ETF,229200
KODEX 코스닥150레버리지,ETF,233740
KODEX 코스닥150선물인버스,ETF,251340
KODEX 코스피,ETF,226490
KODEX 코스피100,ETF,237350
KODEX 테슬라커버드콜채권혼합액티브,ETF,475080
KODEX 한국부동산리츠인프라,ETF,476800
KoAct 글로벌양자컴퓨팅액티브,ETF,0020H0
KoAct 바이오헬스케어액티브,ETF,462900
KoAct 코리아밸류업액티브,ETF,495230
TIGER 200,ETF,102110
TIGER 200IT,ETF,139260
TIGER 200건설,ETF,139220
TIGER 200선물인버스2X,ETF,252710
TIGER 200중공업,ETF,139230
TIGER 26-04 회사채(A+이상)액티브,ETF,0001S0
TIGER 2차전지TOP10,ETF,364980
TIGER 2차전지TOP10레버리지,ETF,412570
TIGER 2차전지소재Fn,ETF,462010
TIGER 2차전지테마,ETF,305540
TIGER AI반도체핵심공정,ETF,471760
TIGER BBIG,ETF,364960
TIGER CD금리투자KIS(합성),ETF,357870
TIGER KOFR금리액티브(합성),ETF,449170
TIGER KRX금현물,ETF,0072R0
TIGER K방산&우주,ETF,463250
TIGER LG그룹플러스,ETF,138530
TIGER TDF2045,ETF,0025N0
TIGER 게임TOP10,ETF,364990
TIGER 구리실물,ETF,160580
TIGER 국고채30년스트립액티브,ETF,451530
TIGER 글로벌AI액티브,ETF,466950
TIGER 글로벌AI인프라액티브,ETF,491010
TIGER 글로벌AI플랫폼액티브,ETF,412770
TIGER 글로벌비만치료제TOP2Plus,ETF,476690
TIGER 글로벌사이버보안INDXX,ETF,418670
TIGER 글로벌온디바이스AI,ETF,480310
TIGER 단기채권액티브,ETF,272580
TIGER 단기통안채,ETF,157450
TIGER 리츠부동산인프라,ETF,329200
TIGER 머니마켓액티브,ETF,0043B0
TIGER 미국30년국채스트립액티브(합성 H),ETF,458250
TIGER 미국30년국채커버드콜액티브(H),ETF,476550
TIGER 미국AI반도체팹리스,ETF,491830
TIGER 미국AI빅테크10,ETF,490090
TIGER 미국AI소프트웨어TOP4Plus,ETF,0102A0
TIGER 미국AI전력SMR,ETF,0123G0
TIGER 미국S&P500,ETF,360750
TIGER 미국S&P500(H),ETF,448290
TIGER 미국S&P500배당귀족,ETF,429000
TIGER 미국S&P500타겟데일리커버드콜,ETF,482730
TIGER 미국나스닥100,ETF,133690
TIGER 미국나스닥100(H),ETF,448300
TIGER 미국나스닥100타겟데일리커버드콜,ETF,486290
TIGER 미국다우존스30,ETF,245340
TIGER 미국달러단기채권액티브,ETF,329750
TIGER 미국배당다우존스,ETF,458730
TIGER 미국배당다우존스타겟커버드콜1호,ETF,458750
TIGER 미국배당다우존스타겟커버드콜2호,ETF,458760
TIGER 미국초단기(3개월이하)국채,ETF,0046A0
TIGER 미국테크TOP10 INDXX,ETF,381170
TIGER 미국테크TOP10 INDXX(H),ETF,472160
TIGER 미국테크TOP10채권혼합,ETF,472170
TIGER 미국테크TOP10타겟커버드콜,ETF,474220
TIGER 미국필라델피아AI반도체나스닥,ETF,497570
TIGER 미국필라델피아반도체나스닥,ETF,381180
TIGER 미국필라델피아반도체레버리지(합성),ETF,423920
TIGER 바이오TOP10,ETF,364970
TIGER 반도체,ETF,091230
TIGER 반도체TOP10,ETF,396500
TIGER 반도체TOP10레버리지,ETF,488080
TIGER 배당커버드콜액티브,ETF,472150
TIGER 소프트웨어,ETF,157490
TIGER 원유선물Enhanced(H),ETF,130680
TIGER 원유선물인버스(H),ETF,217770
TIGER 은행고배당플러스TOP10,ETF,466940
TIGER 인버스,ETF,123310
TIGER 인터넷TOP10,ETF,365000
TIGER 조선TOP10,ETF,494670
TIGER 종합채권(AA-이상)액티브,ETF,451540
TIGER 증권,ETF,157500
TIGER 지주회사,ETF,307520
TIGER 차이나CSI300,ETF,192090
TIGER 차이나바이오테크SOLACTIVE,ETF,371470
TIGER 차이나반도체FACTSET,ETF,396520
TIGER 차이나전기차SOLACTIVE,ETF,371460
TIGER 차이나전기차레버리지(합성),ETF,456680
TIGER 차이나테크TOP10,ETF,0047A0
TIGER 차이나항셍테크,ETF,371160
TIGER 차이나항셍테크레버리지(합성 H),ETF,438320
TIGER 차이나휴머노이드로봇,ETF,0053L0
TIGER 코리아AI전력기기TOP3플러스,ETF,0117V0
TIGER 코리아TOP10,ETF,292150
TIGER 코리아밸류업,ETF,496080
TIGER 코리아원자력,ETF,0091P0
TIGER 코리아테크액티브,ETF,471780
TIGER 코리아휴머노이드로봇산업,ETF,0148J0
TIGER 코스닥150,ETF,232080
TIGER 코스닥150 레버리지,ETF,233160
TIGER 코스닥150IT,ETF,261060
TIGER 코스닥150바이오테크,ETF,261070
TIGER 코스닥150선물인버스,ETF,250780
TIGER 코스피,ETF,277630
TIGER 코스피고배당,ETF,210780
TIGER 테슬라채권혼합Fn,ETF,447770
TIGER 현대차그룹플러스,ETF,138540
TIGER 화장품,ETF,228790
ACE 5월만기자동연장회사채AA-이상액티브,ETF,475270
ACE 5월만기자동연장회사채AA-이상액티브,ETF,475270
ACE 8월만기자동연장회사채AA-이상액티브,ETF,475280
ACE 8월만기자동연장회사채AA-이상액티브,ETF,475280
ACE 2월만기자동연장회사채AA-이상액티브,ETF,475260
ACE 2월만기자동연장회사채AA-이상액티브,ETF,475260
TIGER 미국배당다우존스,ETF,458730
TIGER 미국배당다우존스,ETF,458730
SOL 글로벌AI반도체탑픽액티브,ETF,423170
SOL 미국TOP5채권혼합40 Solactive,ETF,447620
SOL 한국형글로벌전기차&2차전지액티브,ETF,429980
SOL 글로벌AI반도체탑픽액티브,ETF,423170
SOL 한국형글로벌전기차&2차전지액티브,ETF,429980
KODEX WTI원유선물(H),ETF,261220
KODEX WTI원유선물(H),ETF,261220
KODEX WTI원유선물인버스(H),ETF,271050
KODEX WTI원유선물(H),ETF,261220
ACE FTSE WGBI Korea,ETF,0010E0
KODEX 멀티팩터,ETF,337120
KODEX 미국S&P500버퍼3월액티브,ETF,0026E0
KODEX 미국S&P500버퍼6월액티브,ETF,0068M0
TIGER 200IT레버리지,ETF,243880
TIGER 200커버드콜,ETF,289480
TIGER 2차전지TOP10레버리지,ETF,412570
TIGER 미국필라델피아반도체레버리지(합성),ETF,423920
ACE 중국본토CSI300레버리지(합성),ETF,219900
KODEX 신재생에너지액티브,ETF,385510
PLUS 글로벌수소&차세대연료전지,ETF,419650
TIGER 차이나글로벌리더스TOP3+,ETF,0067V0
ACE 중국과창판STAR50,ETF,416090
SOL 조선TOP3플러스레버리지,ETF,0080Y0
SOL 코리아메가테크액티브,ETF,444200
RISE 200고배당커버드콜ATM,ETF,290080
KIWOOM 200선물인버스2X,ETF,253230
RISE 차이나테크TOP10위클리타겟커버드콜,ETF,0094L0
ACE FTSE WGBI Korea,ETF,0010E0
ACE 러시아MSCI(합성),ETF,265690
KIWOOM 차이나A50커넥트MSCI,ETF,441330
TIGER 200,ETF,102110
TIGER 200IT,ETF,139260
TIGER 200건설,ETF,139220
TIGER 200경기소비재,ETF,139290
TIGER 200금융,ETF,139270
TIGER 200선물인버스2X,ETF,252710
TIGER 200에너지화학,ETF,139250
TIGER 200중공업,ETF,139230
TIGER 200헬스케어,ETF,227540
TIGER 27-04회사채(A+이상)액티브,ETF,480260
TIGER 2차전지TOP10,ETF,364980
TIGER 2차전지TOP10레버리지,ETF,412570
TIGER 2차전지소재Fn,ETF,462010
TIGER 2차전지테마,ETF,305540
TIGER AI반도체핵심공정,ETF,471760
TIGER BBIG,ETF,364960
TIGER CD금리투자KIS(합성),ETF,357870
TIGER Fn메타버스,ETF,400970
TIGER K게임,ETF,300610
TIGER K방산&우주,ETF,463250
TIGER LG그룹플러스,ETF,138530
TIGER TDF2045,ETF,0025N0
TIGER 경기방어,ETF,139280
TIGER 구리실물,ETF,160580
TIGER 국고채30년스트립액티브,ETF,451530
TIGER 국채3년,ETF,114820
TIGER 글로벌AI&로보틱스 INDXX,ETF,464310
TIGER 글로벌AI액티브,ETF,466950
TIGER 글로벌AI인프라액티브,ETF,491010
TIGER 글로벌비만치료제TOP2Plus,ETF,476690
TIGER 글로벌사이버보안INDXX,ETF,418670
TIGER 글로벌자율주행&전기차SOLACTIVE,ETF,394660
TIGER 글로벌클라우드컴퓨팅INDXX,ETF,371450
TIGER 금은선물(H),ETF,139320
TIGER 리츠부동산인프라,ETF,329200
TIGER 머니마켓액티브,ETF,0043B0
TIGER 미국30년국채스트립액티브(합성 H),ETF,458250
TIGER 미국30년국채커버드콜액티브(H),ETF,476550
TIGER 미국AI데이터센터TOP4Plus,ETF,0142D0
TIGER 미국AI반도체팹리스,ETF,491830
TIGER 미국AI빅테크10,ETF,490090
TIGER 미국AI빅테크10타겟데일리커버드콜,ETF,493810
TIGER 미국MSCI리츠(합성 H),ETF,182480
TIGER 미국S&P500,ETF,360750
TIGER 미국S&P500(H),ETF,448290
TIGER 미국S&P500타겟데일리커버드콜,ETF,482730
TIGER 미국나스닥100,ETF,133690
TIGER 미국나스닥100(H),ETF,448300
TIGER 미국나스닥100레버리지(합성),ETF,418660
TIGER 미국나스닥바이오,ETF,203780
TIGER 미국달러단기채권액티브,ETF,329750
TIGER 미국배당다우존스타겟커버드콜2호,ETF,458760
TIGER 미국초단기(3개월이하)국채,ETF,0046A0
TIGER 미국캐시카우100,ETF,465670
TIGER 미국테크TOP10 INDXX,ETF,381170
TIGER 미국테크TOP10 INDXX(H),ETF,472160
TIGER 미국테크TOP10채권혼합,ETF,472170
TIGER 미국테크TOP10타겟커버드콜,ETF,474220
TIGER 미국투자등급회사채액티브(H),ETF,458260
TIGER 미국필라델피아AI반도체나스닥,ETF,497570
TIGER 미국필라델피아반도체나스닥,ETF,381180
TIGER 미국필라델피아반도체레버리지(합성),ETF,423920
TIGER 미디어컨텐츠,ETF,228810
TIGER 바이오TOP10,ETF,364970
TIGER 반도체,ETF,091230
TIGER 반도체TOP10,ETF,396500
TIGER 반도체TOP10레버리지,ETF,488080
TIGER 배당커버드콜액티브,ETF,472150
TIGER 소프트웨어,ETF,157490
TIGER 여행레저,ETF,228800
TIGER 우량회사채액티브,ETF,438330
TIGER 원유선물Enhanced(H),ETF,130680
TIGER 원유선물인버스(H),ETF,217770
TIGER 유로스탁스 레버리지(합성 H),ETF,225050
TIGER 은행고배당플러스TOP10,ETF,466940
TIGER 인버스,ETF,123310
TIGER 인터넷TOP10,ETF,365000
TIGER 일본엔선물,ETF,292560
TIGER 조선TOP10,ETF,494670
TIGER 중국소비테마,ETF,150460
TIGER 중장기국채,ETF,302190
TIGER 증권,ETF,157500
TIGER 지주회사,ETF,307520
TIGER 차이나HSCEI,ETF,245360
TIGER 차이나반도체FACTSET,ETF,396520
TIGER 차이나전기차SOLACTIVE,ETF,371460
TIGER 차이나항셍테크,ETF,371160
TIGER 코리아AI전력기기TOP3플러스,ETF,0117V0
TIGER 코리아TOP10,ETF,292150
TIGER 코리아배당다우존스,ETF,0052D0
TIGER 코리아밸류업,ETF,496080
TIGER 코리아원자력,ETF,0091P0
TIGER 코리아테크액티브,ETF,471780
TIGER 코리아휴머노이드로봇산업,ETF,0148J0
TIGER 코스닥150,ETF,232080
TIGER 코스닥150 레버리지,ETF,233160
TIGER 코스닥150IT,ETF,261060
TIGER 코스닥150선물인버스,ETF,250780
TIGER 코스피,ETF,277630
TIGER 코스피중형주,ETF,277650
TIGER 탄소효율그린뉴딜,ETF,376410
TIGER 테슬라채권혼합Fn,ETF,447770
TIGER 토탈월드스탁액티브,ETF,0060H0
TIGER 퓨처모빌리티액티브,ETF,387280
TIGER 현대차그룹플러스,ETF,138540
TIGER 화장품,ETF,228790
UNICORN SK하이닉스밸류체인액티브,ETF,494220
ACE 200,ETF,105190
ACE AI반도체TOP3+,ETF,469150
ACE KPOP포커스,ETF,475050
ACE 고배당주,ETF,0139P0
ACE 구글밸류체인액티브,ETF,483340
ACE 국고채10년,ETF,365780
ACE 단기통안채,ETF,190620
ACE 미국30년국채선물레버리지(합성 H),ETF,452250
ACE 미국30년국채액티브(H),ETF,453850
ACE 미국30년국채엔화노출액티브(H),ETF,476750
ACE 미국AI테크핵심산업액티브,ETF,0118Z0
ACE 미국S&P500,ETF,360200
ACE 미국S&P500미국채혼합50액티브,ETF,438080
ACE 미국나스닥100미국채혼합50액티브,ETF,438100
ACE 미국대형가치주액티브,ETF,0127M0
ACE 미국대형성장주액티브,ETF,0127P0
ACE 미국빅테크TOP7 Plus,ETF,465580
ACE 미국주식베스트셀러,ETF,473590
ACE 엔비디아채권혼합,ETF,448540
ACE 종합채권(AA-이상)액티브,ETF,356540
ACE 중장기국공채액티브,ETF,272910
ACE 코스닥150,ETF,354500
ACE 테슬라밸류체인액티브,ETF,457480
ACE 포스코그룹포커스,ETF,469170
PLUS 200,ETF,152100
PLUS K방산레버리지,ETF,0104G0
PLUS TDF2060액티브,ETF,433880
PLUS 고배당주,ETF,161510
PLUS 고배당주위클리커버드콜,ETF,489030
PLUS 고배당주채권혼합,ETF,251600
PLUS 국고채10년액티브,ETF,461460
PLUS 국공채머니마켓액티브,ETF,491230
PLUS 국채선물3년,ETF,298340
PLUS 글로벌방산,ETF,496770
PLUS 글로벌원자력밸류체인,ETF,0007G0
PLUS 글로벌희토류&전략자원생산기업,ETF,415920
PLUS 금채권혼합,ETF,0138Y0
PLUS 머니마켓액티브,ETF,477050
PLUS 미국S&P500성장주,ETF,494410
PLUS 미국나스닥100미국채혼합50,ETF,0089B0
PLUS 우주항공&UAM,ETF,421320
PLUS 자사주매입고배당주,ETF,0098N0
PLUS 코스피50,ETF,122090
PLUS 한화그룹주,ETF,0000J0
1Q K소버린AI,ETF,0103T0
1Q 미국나스닥100미국채혼합50액티브,ETF,0111P0
1Q 미국우주항공테크,ETF,0131V0
1Q 코리아밸류업,ETF,495330
TIME K바이오액티브,ETF,463050
TIME K컬처액티브,ETF,410870
TIME 글로벌AI인공지능액티브,ETF,456600
TIME 글로벌우주테크&방산액티브,ETF,478150
TIME 미국S&P500액티브,ETF,426020
TIME 미국나스닥100액티브,ETF,426030
TIME 미국나스닥100채권혼합50액티브,ETF,0019K0
TIME 차이나AI테크액티브,ETF,0043Y0
TIME 코리아밸류업액티브,ETF,495060
KIWOOM 200,ETF,069660
KIWOOM 200TR,ETF,294400
KIWOOM 국고채10년,ETF,148070
KIWOOM 머니마켓액티브,ETF,476450
KIWOOM 미국나스닥100(H),ETF,453080
KIWOOM 종합채권(AA-이상)액티브,ETF,454780
KIWOOM 코스닥150,ETF,316670
KIWOOM 팔란티어미국30년국채혼합액티브(H),ETF,0015F0
RISE 200,ETF,148020
RISE 200위클리커버드콜,ETF,475720
RISE 26-11 회사채(AA-이상)액티브,ETF,0122W0
RISE 2차전지TOP10,ETF,465330
RISE 2차전지액티브,ETF,422420
RISE AI&로봇,ETF,469070
RISE AI반도체TOP10,ETF,0093A0
RISE AI전력인프라,ETF,0101N0
RISE AI플랫폼,ETF,427120
RISE ESG사회책임투자,ETF,290130
RISE IT플러스,ETF,326240
RISE KRX300,ETF,292050
RISE 고배당,ETF,266160
RISE 국고채10년액티브,ETF,481430
RISE 국채선물10년,ETF,295000
RISE 글로벌원자력,ETF,442320
RISE 글로벌자산배분액티브,ETF,461490
RISE 내수주플러스,ETF,326230
RISE 네트워크인프라,ETF,367760
RISE 단기통안채,ETF,196230
RISE 대형고배당10TR,ETF,315960
RISE 머니마켓액티브,ETF,455890
RISE 메타버스,ETF,401170
RISE 미국AI밸류체인데일리고정커버드콜,ETF,490590
RISE 미국S&P500,ETF,379780
RISE 미국S&P500(H),ETF,453330
RISE 미국나스닥100,ETF,368590
RISE 미국테크100데일리고정커버드콜,ETF,491620
RISE 바이오TOP10액티브,ETF,0000Z0
RISE 비메모리반도체액티브,ETF,388420
RISE 삼성그룹Top3채권혼합,ETF,448630
RISE 삼성전자SK하이닉스채권혼합50,ETF,0162Z0
RISE 수소경제테마,ETF,367770
RISE 종합채권(A-이상)액티브,ETF,385540
RISE 중기우량회사채,ETF,136340
RISE 코리아밸류업,ETF,495050
RISE 코리아밸류업위클리고정커버드콜,ETF,0094M0
RISE 코리아전략산업액티브,ETF,0151P0
RISE 코스닥150,ETF,270810
RISE 코스닥150선물레버리지,ETF,278240
RISE 코스닥150선물인버스,ETF,275750
RISE 코스피,ETF,302450
WON 200,ETF,448100
WON K-글로벌수급상위,ETF,0088N0
WON 국공채머니마켓액티브,ETF,458030
WON 미국S&P500,ETF,444490
HANARO 200,ETF,293180
HANARO Fn K-반도체,ETF,395270
HANARO K휴머노이드테마TOP10,ETF,0155N0
HANARO 글로벌생성형AI액티브,ETF,461340
HANARO 원자력iSelect,ETF,434730
HANARO 전력설비투자,ETF,491820
HANARO 코스닥150,ETF,304770
TIGER 코리아TOP10,ETF,292150
SOL 26-12 회사채(AA-이상)액티브,ETF,488980
SOL 2차전지소부장Fn,ETF,455860
SOL AI반도체소부장,ETF,455850
SOL K방산,ETF,490480
SOL 국제금,ETF,0066W0
SOL 금융지주플러스고배당,ETF,484880
SOL 머니마켓액티브,ETF,484890
SOL 미국AI반도체칩메이커,ETF,479620
SOL 미국AI전력인프라,ETF,486450
SOL 미국S&P500,ETF,433330
SOL 미국S&P500ESG,ETF,399110
SOL 미국TOP5채권혼합40 Solactive,ETF,447620
SOL 미국나스닥100,ETF,476030
SOL 미국넥스트테크TOP10액티브,ETF,0118S0
SOL 미국배당다우존스,ETF,446720
SOL 미국양자컴퓨팅TOP10,ETF,0023A0
SOL 미국원자력SMR,ETF,0051G0
SOL 미국테크TOP10,ETF,481190
SOL 반도체후공정,ETF,475310
SOL 의료기기소부장Fn,ETF,464610
SOL 자동차TOP3플러스,ETF,466930
SOL 전고체배터리&실리콘음극재,ETF,0005D0
SOL 조선TOP3플러스,ETF,466920
SOL 조선TOP3플러스레버리지,ETF,0080Y0
SOL 조선기자재,ETF,0141S0
SOL 종합채권(AA-이상)액티브,ETF,436140
SOL 초단기채권액티브,ETF,469830
SOL 코리아고배당,ETF,0105E0
SOL 코리아밸류업TR,ETF,495550
SOL 팔란티어미국채커버드콜혼합,ETF,0040X0
SOL 팔란티어커버드콜OTM채권혼합,ETF,0040Y0
SOL 한국AI소프트웨어,ETF,0105D0
SOL 화장품TOP3플러스,ETF,0008T0
KODEX 200,ETF,069500
KODEX 200ESG,ETF,337160
KODEX 200TR,ETF,278530
KODEX 200미국채혼합,ETF,284430
KODEX 200선물인버스2X,ETF,252670
KODEX 200타겟위클리커버드콜,ETF,498400
KODEX 26-12 금융채(AA-이상)액티브,ETF,0117L0
KODEX 26-12 회사채(AA-이상)액티브,ETF,473290
KODEX 2차전지산업,ETF,305720
KODEX 2차전지산업레버리지,ETF,462330
KODEX 2차전지핵심소재10,ETF,461950
KODEX AI반도체,ETF,395160
KODEX AI반도체핵심장비,ETF,471990
KODEX AI전력핵심설비,ETF,487240
KODEX CD금리액티브(합성),ETF,459580
KODEX IT,ETF,266370
KODEX KOFR금리액티브(합성),ETF,423160
KODEX K조선TOP10,ETF,0115D0
KODEX S&P글로벌인프라(합성),ETF,269420
KODEX WTI원유선물(H),ETF,261220
KODEX WTI원유선물인버스(H),ETF,271050
KODEX 건설,ETF,117700
KODEX 게임산업,ETF,300950
KODEX 경기소비재,ETF,266390
KODEX 고배당주,ETF,279530
KODEX 구리선물(H),ETF,138910
KODEX 국고채10년액티브,ETF,471230
KODEX 국고채3년,ETF,114260
KODEX 국채선물10년,ETF,152380
KODEX 금액티브,ETF,0064K0
KODEX 금융고배당TOP10타겟위클리커버드콜,ETF,498410
KODEX 단기채권,ETF,153130
KODEX 단기채권PLUS,ETF,214980
KODEX 레버리지,ETF,122630
KODEX 로봇액티브,ETF,445290
KODEX 머니마켓액티브,ETF,488770
KODEX 모멘텀Plus,ETF,244620
KODEX 미국30년국채액티브(H),ETF,484790
KODEX 미국30년국채울트라선물(H),ETF,304660
KODEX 미국AI반도체TOP3플러스,ETF,0151S0
KODEX 미국AI전력핵심인프라,ETF,487230
KODEX 미국AI테크TOP10,ETF,485540
KODEX 미국AI테크TOP10타겟커버드콜,ETF,483280
KODEX 미국S&P500,ETF,379800
KODEX 미국S&P500(H),ETF,449180
KODEX 미국나스닥100,ETF,379810
KODEX 미국나스닥100(H),ETF,449190
KODEX 미국나스닥100데일리커버드콜OTM,ETF,494300
KODEX 미국나스닥100선물인버스(H),ETF,409810
KODEX 미국나스닥AI테크액티브,ETF,411420
KODEX 미국달러선물,ETF,261240
KODEX 미국달러선물레버리지,ETF,261250
KODEX 미국달러선물인버스,ETF,261270
KODEX 미국달러선물인버스2X,ETF,261260
KODEX 미국머니마켓액티브,ETF,0048J0
KODEX 미국반도체,ETF,390390
KODEX 미국부동산리츠(H),ETF,352560
KODEX 미국빅테크10(H),ETF,314250
KODEX 미국서학개미,ETF,473460
KODEX 미국종합채권ESG액티브(H),ETF,437080
KODEX 바이오,ETF,244580
KODEX 반도체,ETF,091160
KODEX 반도체레버리지,ETF,494310
KODEX 방산TOP10,ETF,0080G0
KODEX 방산TOP10레버리지,ETF,0100K0
KODEX 삼성그룹,ETF,102780
KODEX 신재생에너지액티브,ETF,385510
KODEX 원자력SMR,ETF,0098F0
KODEX 웹툰&드라마,ETF,395150
KODEX 은선물(H),ETF,144600
KODEX 은행,ETF,091170
KODEX 인버스,ETF,114800
KODEX 자동차,ETF,091180
KODEX 장기종합채권(AA-이상)액티브,ETF,363570
KODEX 종합채권(AA-이상)액티브,ETF,273130
KODEX 주주환원고배당주,ETF,0153K0
KODEX 증권,ETF,102970
KODEX 차이나H 레버리지(H),ETF,204450
KODEX 철강,ETF,117680
KODEX 코리아밸류업,ETF,495850
KODEX 코리아소버린AI,ETF,0115E0
KODEX 코스닥150,ETF,229200
KODEX 코스닥150레버리지,ETF,233740
KODEX 코스닥150선물인버스,ETF,251340
KODEX 코스피100,ETF,237350
KODEX 테슬라커버드콜채권혼합액티브,ETF,475080
KODEX 한국부동산리츠인프라,ETF,476800
KoAct 바이오헬스케어액티브,ETF,462900
WON 초대형IB&금융지주,ETF,0154F0
WON 초대형IB&금융지주,ETF,0154F0
TIME 코스닥액티브,ETF,0162Y0
ACE 미국배당다우존스,ETF,402970
ACE미국500데일리타겟커버드콜(합성),ETF,480030
ACE미국반도체데일리타겟커버드콜(합성),ETF,480040
ACE미국빅테크7+데일리타겟커버드콜(합성),ETF,480020
KIWOOM 고배당,ETF,104530
PLUS K리츠,ETF,429740
PLUS 고배당주,ETF,161510
PLUS 고배당주위클리고정커버드콜,ETF,0018C0
PLUS 고배당주위클리커버드콜,ETF,489030
PLUS 고배당주채권혼합,ETF,251600
PLUS 미국S&P500미국채혼합50액티브,ETF,0057H0
PLUS 미국고배당주액티브,ETF,0153X0
PLUS 미국나스닥100미국채혼합50,ETF,0089B0
PLUS 미국단기회사채(AAA~A),ETF,332610
PLUS 미국배당증가성장주데일리커버드콜,ETF,494420
PLUS 미국장기우량회사채,ETF,332620
PLUS 미국채30년액티브,ETF,464470
PLUS 자사주매입고배당주,ETF,0098N0
PLUS 차이나항셍테크위클리타겟커버드콜,ETF,0128D0
PLUS 코리아밸류업,ETF,495040
PLUS 테슬라위클리커버드콜채권혼합,ETF,0132K0
SOL 미국S&P500미국채혼합50,ETF,0080X0
SOL 미국배당다우존스2호,ETF,493420
SOL 미국배당미국채혼합50,ETF,490490
SOL 코리아고배당,ETF,0105E0
TIGER 200타겟위클리커버드콜,ETF,0104N0
TIGER 리츠부동산인프라10채권혼합액티브,ETF,0086C0
TIGER 리츠부동산인프라TOP10액티브,ETF,0086B0
TIGER 미국AI빅테크10타겟데일리커버드콜,ETF,493810
TIGER 미국배당다우존스타겟데일리커버드콜,ETF,0008S0
TIGER 미국배당다우존스타겟커버드콜1호,ETF,458750
TIGER 미국테크TOP10타겟커버드콜,ETF,474220
TIGER 코리아배당다우존스,ETF,0052D0
KoAct 코스닥액티브,ETF,0163Y0
RISE 차이나AI반도체TOP4Plus,ETF,0164G0
HANARO 증권고배당TOP3플러스,ETF,0111J0
DAISHIN343 AI반도체&인프라액티브,ETF,486240
DAISHIN343 K200,ETF,434960
PLUS TDF2060액티브,ETF,433880
KODEX 미국S&P500버퍼3월액티브,ETF,0026E0
KODEX 미국S&P500버퍼6월액티브,ETF,0068M0
VITA 밸류알파액티브,ETF,452440
WON 반도체밸류체인액티브,ETF,474590
에셋플러스 코리아대장장이액티브,ETF,442090
TIGER 차이나글로벌리더스TOP3+,ETF,0067V0
TIGER 코스닥150,ETF,232080
TIGER 코스닥150 레버리지,ETF,233160
TIGER 코스닥150IT,ETF,261060
TIGER 코스닥150바이오테크,ETF,261070
TIGER 코스닥150선물인버스,ETF,250780
TIGER 200중공업,ETF,139230
TIGER 200커버드콜OTM,ETF,166400
TIGER 2차전지TOP10레버리지,ETF,412570
TIGER BBIG레버리지,ETF,412560
TIGER MKF배당귀족,ETF,445910
PLUS TDF2060액티브,ETF,433880
TIGER 200선물인버스2X,ETF,252710
TIGER 200에너지화학레버리지,ETF,243890
TIGER 200IT레버리지,ETF,243880
TIGER 200산업재,ETF,227550
SOL AI반도체소부장,ETF,455850
SOL 반도체후공정,ETF,475310
SOL 의료기기소부장Fn,ETF,464610
SOL 코스닥150,ETF,450910
SOL 한국원자력SMR,ETF,0092B0
RISE 200선물인버스2X,ETF,252420
RISE AI반도체TOP10,ETF,0093A0
RISE 글로벌게임테크TOP3Plus,ETF,0114X0
RISE 글로벌비만산업TOP2+,ETF,476310
RISE 네트워크인프라,ETF,367760
RISE 바이오TOP10액티브,ETF,0000Z0
KoAct 반도체&2차전지핵심소재액티브,ETF,482030
PLUS 200선물인버스2X,ETF,253160
PLUS 글로벌수소&차세대연료전지,ETF,419650
PLUS 심천차이넥스트(합성),ETF,256450
PLUS 코스닥150,ETF,301400
PLUS 코스닥150선물인버스,ETF,301410
KODEX 코스닥150,ETF,229200
KODEX 코스닥150레버리지,ETF,233740
KODEX 코스닥150롱코스피200숏선물,ETF,360150
KODEX 코스닥150선물인버스,ETF,251340
KODEX 퀄리티Plus,ETF,244660
KODEX 건설,ETF,117700
KODEX 미국스마트모빌리티S&P,ETF,390400
KODEX 방산TOP10레버리지,ETF,0100K0
KODEX 웹툰&드라마,ETF,395150
KODEX 최소변동성,ETF,279540
ACE FTSE WGBI Korea,ETF,0010E0
KIWOOM 코스닥150,ETF,316670
KIWOOM 코스닥150선물인버스,ETF,291620
KODEX 200선물인버스2X,ETF,252670
KODEX AI반도체,ETF,395160
KIWOOM 200선물인버스,ETF,253240
KIWOOM 200선물인버스2X,ETF,253230
KIWOOM K-반도체북미공급망,ETF,488210
KIWOOM 차이나A50커넥트MSCI,ETF,441330
DAISHIN343 AI반도체&인프라액티브,ETF,486240
HANARO Fn5G산업,ETF,367740
HANARO 코스닥150,ETF,304770
ACE 인버스,ETF,145670
ACE 중국과창판STAR50,ETF,416090
ACE 중국본토CSI300레버리지(합성),ETF,219900
ACE 러시아MSCI(합성),ETF,265690
KIWOOM 26-09회사채(AA-이상)액티브,ETF,464240
KIWOOM 국고채3년,ETF,114470
RISE KIS국고채30년Enhanced,ETF,385560
ACE 국고채3년,ETF,114460
RISE 국고채3년,ETF,114100
UNICORN SK하이닉스밸류체인액티브,ETF,494220
PLUS K방산,ETF,449450
PLUS K방산레버리지,ETF,0104G0
PLUS 고배당주,ETF,161510
PLUS 국공채머니마켓액티브,ETF,491230
PLUS 국채선물3년,ETF,298340
PLUS 글로벌MSCI(합성 H),ETF,189400
PLUS 글로벌방산,ETF,496770
PLUS 글로벌원자력밸류체인,ETF,0007G0
PLUS 금채권혼합,ETF,0138Y0
PLUS 미국S&P500미국채혼합50액티브,ETF,0057H0
PLUS 미국나스닥100미국채혼합50,ETF,0089B0
PLUS 우주항공&UAM,ETF,421320
PLUS 자사주매입고배당주,ETF,0098N0
PLUS 중형주저변동50,ETF,266550
PLUS 코스닥150선물인버스,ETF,301410
PLUS 테슬라위클리커버드콜채권혼합,ETF,0132K0
PLUS 한화그룹주,ETF,0000J0
ACE 200,ETF,105190
ACE AI반도체TOP3+,ETF,469150
ACE KPOP포커스,ETF,475050
ACE KRX금현물,ETF,411060
ACE TDF2050액티브,ETF,0021E0
ACE 구글밸류체인액티브,ETF,483340
ACE 글로벌반도체TOP4 Plus,ETF,446770
ACE 글로벌자율주행액티브,ETF,414270
ACE 머니마켓액티브,ETF,487340
ACE 미국10년국채액티브,ETF,0085P0
ACE 미국30년국채선물레버리지(합성 H),ETF,452250
ACE 미국30년국채액티브(H),ETF,453850
ACE 미국AI테크핵심산업액티브,ETF,0118Z0
ACE 미국S&P500,ETF,360200
ACE 미국S&P500미국채혼합50액티브,ETF,438080
ACE 미국SMR원자력TOP10,ETF,0155M0
ACE 미국WideMoat동일가중,ETF,309230
ACE 미국나스닥100,ETF,367380
ACE 미국나스닥100미국채혼합50액티브,ETF,438100
ACE 미국대형성장주액티브,ETF,0127P0
ACE 미국배당다우존스,ETF,402970
ACE 미국빅테크TOP7 Plus,ETF,465580
ACE 미국주식베스트셀러,ETF,473590
ACE 미국하이일드액티브(H),ETF,455660
ACE 엔비디아채권혼합,ETF,448540
ACE 종합채권(AA-이상)액티브,ETF,356540
ACE 코스닥150,ETF,354500
ACE 테슬라밸류체인액티브,ETF,457480
ACE 포스코그룹포커스,ETF,469170
ACE미국500데일리타겟커버드콜(합성),ETF,480030
ACE미국빅테크7+데일리타겟커버드콜(합성),ETF,480020
1Q 200액티브,ETF,451060
1Q 머니마켓액티브,ETF,479080
1Q 미국S&P500,ETF,0026S0
1Q 미국S&P500미국채혼합50액티브,ETF,0052S0
1Q 미국나스닥100,ETF,0069M0
1Q 미국나스닥100미국채혼합50액티브,ETF,0111P0
1Q 종합채권(AA-이상)액티브,ETF,0017Y0
TIME Korea플러스배당액티브,ETF,441800
TIME K바이오액티브,ETF,463050
TIME K이노베이션액티브,ETF,385710
TIME 글로벌AI인공지능액티브,ETF,456600
TIME 미국S&P500액티브,ETF,426020
TIME 미국나스닥100액티브,ETF,426030
TIME 미국나스닥100채권혼합50액티브,ETF,0019K0
TIME 차이나AI테크액티브,ETF,0043Y0
TIME 코리아밸류업액티브,ETF,495060
TIME 코스피액티브,ETF,385720
ACE AI반도체TOP3+,ETF,469150
KIWOOM 200,ETF,069660
KIWOOM 200선물인버스2X,ETF,253230
KIWOOM 국고채10년,ETF,148070
KIWOOM 글로벌전력GRID인프라,ETF,489860
KIWOOM 단기자금,ETF,130730
KIWOOM 머니마켓액티브,ETF,476450
KIWOOM 미국원유에너지기업,ETF,474800
KIWOOM 엔비디아미국30년국채혼합액티브(H),ETF,0015E0
KIWOOM 종합채권(AA-이상)액티브,ETF,454780
KIWOOM 코스피100,ETF,153270
SOL 200TR,ETF,295040
SOL 2차전지소부장Fn,ETF,455860
SOL AI반도체소부장,ETF,455850
SOL 국제금,ETF,0066W0
SOL 금융지주플러스고배당,ETF,484880
SOL 미국AI반도체칩메이커,ETF,479620
SOL 미국AI전력인프라,ETF,486450
SOL 미국TOP5채권혼합40 Solactive,ETF,447620
SOL 미국넥스트테크TOP10액티브,ETF,0118S0
SOL 미국배당다우존스,ETF,446720
SOL 미국원자력SMR,ETF,0051G0
SOL 미국테크TOP10,ETF,481190
SOL 반도체전공정,ETF,475300
SOL 반도체후공정,ETF,475310
SOL 배당성향탑픽액티브,ETF,0152E0
SOL 자동차TOP3플러스,ETF,466930
SOL 전고체배터리&실리콘음극재,ETF,0005D0
SOL 조선TOP3플러스,ETF,466920
SOL 조선TOP3플러스레버리지,ETF,0080Y0
SOL 조선기자재,ETF,0141S0
SOL 종합채권(AA-이상)액티브,ETF,436140
SOL 중단기회사채(A-이상)액티브,ETF,0016X0
SOL 초단기채권액티브,ETF,469830
SOL 코리아고배당,ETF,0105E0
SOL 코리아메가테크액티브,ETF,444200
SOL 코리아밸류업TR,ETF,495550
SOL 팔란티어커버드콜OTM채권혼합,ETF,0040Y0
SOL 화장품TOP3플러스,ETF,0008T0
WON 200,ETF,448100
WON K-글로벌수급상위,ETF,0088N0
WON 미국빌리어네어,ETF,489290
WON 초대형IB&금융지주,ETF,0154F0
KODEX 200,ETF,069500
KODEX 200TR,ETF,278530
KODEX 200미국채혼합,ETF,284430
KODEX 200선물인버스2X,ETF,252670
KODEX 200액티브,ETF,494890
KODEX 200타겟위클리커버드콜,ETF,498400
KODEX 26-12 금융채(AA-이상)액티브,ETF,0117L0
KODEX 26-12 회사채(AA-이상)액티브,ETF,473290
KODEX 28-12 회사채(AA-이상)액티브,ETF,0119H0
KODEX 2차전지산업,ETF,305720
KODEX 2차전지핵심소재10,ETF,461950
KODEX AI반도체,ETF,395160
KODEX AI반도체핵심장비,ETF,471990
KODEX AI전력핵심설비,ETF,487240
KODEX CD1년금리플러스액티브(합성),ETF,481050
KODEX CD금리액티브(합성),ETF,459580
KODEX KOFR금리액티브(합성),ETF,423160
KODEX K조선TOP10,ETF,0115D0
KODEX K콘텐츠,ETF,266360
KODEX MSCI Korea TR,ETF,278540
KODEX S&P글로벌인프라(합성),ETF,269420
KODEX Top10동일가중,ETF,395170
KODEX WTI원유선물(H),ETF,261220
KODEX WTI원유선물인버스(H),ETF,271050
KODEX 건설,ETF,117700
KODEX 골드선물(H),ETF,132030
KODEX 구리선물(H),ETF,138910
KODEX 국고채10년액티브,ETF,471230
KODEX 국고채30년액티브,ETF,439870
KODEX 국고채3년,ETF,114260
KODEX 금액티브,ETF,0064K0
KODEX 금융고배당TOP10,ETF,0089D0
KODEX 금융고배당TOP10타겟위클리커버드콜,ETF,498410
KODEX 단기채권,ETF,153130
KODEX 단기채권PLUS,ETF,214980
KODEX 대만테크고배당다우존스,ETF,487950
KODEX 레버리지,ETF,122630
KODEX 로봇액티브,ETF,445290
KODEX 머니마켓액티브,ETF,488770
KODEX 메타버스액티브,ETF,401470
KODEX 모멘텀주,ETF,275280
KODEX 미국30년국채액티브(H),ETF,484790
KODEX 미국30년국채울트라선물(H),ETF,304660
KODEX 미국AI반도체TOP3플러스,ETF,0151S0
KODEX 미국AI전력핵심인프라,ETF,487230
KODEX 미국AI테크TOP10타겟커버드콜,ETF,483280
KODEX 미국S&P500,ETF,379800
KODEX 미국S&P500(H),ETF,449180
KODEX 미국S&P500선물(H),ETF,219480
KODEX 미국S&P500테크놀로지,ETF,463680
KODEX 미국S&P500헬스케어,ETF,453640
KODEX 미국나스닥100,ETF,379810
KODEX 미국나스닥100(H),ETF,449190
KODEX 미국나스닥AI테크액티브,ETF,411420
KODEX 미국달러선물,ETF,261240
KODEX 미국달러선물레버리지,ETF,261250
KODEX 미국달러선물인버스,ETF,261270
KODEX 미국달러선물인버스2X,ETF,261260
KODEX 미국러셀2000(H),ETF,280930
KODEX 미국머니마켓액티브,ETF,0048J0
KODEX 미국반도체,ETF,390390
KODEX 미국배당다우존스,ETF,489250
KODEX 미국빅테크10(H),ETF,314250
KODEX 미국서학개미,ETF,473460
KODEX 미국종합채권ESG액티브(H),ETF,437080
KODEX 미국휴머노이드로봇,ETF,0038A0
KODEX 바이오,ETF,244580
KODEX 반도체,ETF,091160
KODEX 방산TOP10,ETF,0080G0
KODEX 방산TOP10레버리지,ETF,0100K0
KODEX 보험,ETF,140700
KODEX 삼성그룹,ETF,102780
KODEX 삼성전자채권혼합,ETF,448330
KODEX 신재생에너지액티브,ETF,385510
KODEX 에너지화학,ETF,117460
KODEX 운송,ETF,140710
KODEX 원자력SMR,ETF,0098F0
KODEX 웹툰&드라마,ETF,395150
KODEX 은선물(H),ETF,144600
KODEX 은행,ETF,091170
KODEX 인버스,ETF,114800
KODEX 자동차,ETF,091180
KODEX 장기종합채권(AA-이상)액티브,ETF,363570
KODEX 종합채권(AA-이상)액티브,ETF,273130
KODEX 주주환원고배당주,ETF,0153K0
KODEX 증권,ETF,102970
KODEX 코리아배당성장,ETF,211900
KODEX 코리아배당성장채권혼합,ETF,237370
KODEX 코리아밸류업,ETF,495850
KODEX 코리아소버린AI,ETF,0115E0
KODEX 코스닥150,ETF,229200
KODEX 코스닥150레버리지,ETF,233740
KODEX 코스닥150선물인버스,ETF,251340
KODEX 코스피100,ETF,237350
KoAct 글로벌AI&로봇액티브,ETF,471040
KoAct 미국나스닥성장기업액티브,ETF,0015B0
KoAct 미국천연가스인프라액티브,ETF,497780
KoAct 배당성장액티브,ETF,476850
KoAct 수소전력ESS인프라액티브,ETF,0150K0
KoAct 코리아밸류업액티브,ETF,495230
RISE 200,ETF,148020
RISE 200TR,ETF,361580
RISE 200선물인버스,ETF,252410
RISE 200위클리커버드콜,ETF,475720
RISE 2차전지TOP10,ETF,465330
RISE 2차전지액티브,ETF,422420
RISE AI&로봇,ETF,469070
RISE AI반도체TOP10,ETF,0093A0
RISE AI전력인프라,ETF,0101N0
RISE CD금리액티브(합성),ETF,477080
RISE ESG사회책임투자,ETF,290130
RISE KIS국고채30년Enhanced,ETF,385560
RISE K엔터&여행레저,ETF,388280
RISE TDF2050액티브,ETF,442570
RISE 국고채10년액티브,ETF,481430
RISE 글로벌원자력,ETF,442320
RISE 글로벌자산배분액티브,ETF,461490
RISE 네트워크인프라,ETF,367760
RISE 단기국공채액티브,ETF,272560
RISE 단기채권알파액티브,ETF,385550
RISE 단기통안채,ETF,196230
RISE 대형고배당10TR,ETF,315960
RISE 머니마켓액티브,ETF,455890
RISE 메타버스,ETF,401170
RISE 미국AI밸류체인데일리고정커버드콜,ETF,490590
RISE 미국S&P500,ETF,379780
RISE 미국S&P원유생산기업(합성 H),ETF,219390
RISE 미국고배당다우존스TOP10,ETF,0115C0
RISE 미국반도체NYSE(H),ETF,469050
RISE 미국배당100데일리고정커버드콜,ETF,490600
RISE 미국테크100데일리고정커버드콜,ETF,491620
RISE 미국휴머노이드로봇,ETF,0036R0
RISE 바이오TOP10액티브,ETF,0000Z0
RISE 배터리 리사이클링,ETF,446700
RISE 비메모리반도체액티브,ETF,388420
RISE 삼성그룹Top3채권혼합,ETF,448630
RISE 삼성전자SK하이닉스채권혼합50,ETF,0162Z0
RISE 종합채권(A-이상)액티브,ETF,385540
RISE 중기우량회사채,ETF,136340
RISE 차이나항셍테크,ETF,371150
RISE 코리아밸류업,ETF,495050
RISE 코리아밸류업위클리고정커버드콜,ETF,0094M0
RISE 코리아전략산업액티브,ETF,0151P0
RISE 코스닥150,ETF,270810
RISE 코스닥150선물레버리지,ETF,278240
HANARO 32-10 국고채액티브,ETF,448490
HANARO Fn K-POP&미디어,ETF,395290
HANARO Fn K-게임,ETF,395280
HANARO Fn K-뉴딜디지털플러스,ETF,368190
HANARO Fn K-메타버스MZ,ETF,402460
HANARO Fn K-반도체,ETF,395270
HANARO Fn K-푸드,ETF,438900
HANARO Fn조선해운,ETF,441540
HANARO K-뷰티,ETF,479850
HANARO K고배당,ETF,322410
HANARO K휴머노이드테마TOP10,ETF,0155N0
HANARO 글로벌금채굴기업,ETF,473640
HANARO 글로벌생성형AI액티브,ETF,461340
HANARO 글로벌피지컬AI액티브,ETF,0040S0
HANARO 반도체핵심공정주도주,ETF,476260
HANARO 원자력iSelect,ETF,434730
HANARO 전력설비투자,ETF,491820
HANARO 증권고배당TOP3플러스,ETF,0111J0
ITF K-AI반도체코어테크,ETF,0005G0
BNK 미래전략기술액티브,ETF,457930
BNK 주주가치액티브,ETF,445690
BNK 카카오그룹포커스,ETF,0120J0
TIGER 12월자동연장금융채(AA-이상)액티브,ETF,0139F0
TIGER 200,ETF,102110
TIGER 200IT,ETF,139260
TIGER 200IT레버리지,ETF,243880
TIGER 200TR,ETF,310960
TIGER 200건설,ETF,139220
TIGER 200금융,ETF,139270
TIGER 200선물레버리지,ETF,267770
TIGER 200선물인버스2X,ETF,252710
TIGER 200에너지화학,ETF,139250
TIGER 200중공업,ETF,139230
TIGER 200커뮤니케이션서비스,ETF,315270
TIGER 200헬스케어,ETF,227540
TIGER 28-04 회사채(A+이상)액티브,ETF,0094K0
TIGER 2차전지TOP10,ETF,364980
TIGER 2차전지TOP10레버리지,ETF,412570
TIGER 2차전지소재Fn,ETF,462010
TIGER 2차전지테마,ETF,305540
TIGER AI반도체핵심공정,ETF,471760
TIGER BBIG,ETF,364960
TIGER CD금리투자KIS(합성),ETF,357870
TIGER CD금리플러스액티브(합성),ETF,499660
TIGER Fn메타버스,ETF,400970
TIGER KOFR금리액티브(합성),ETF,449170
TIGER KRX금현물,ETF,0072R0
TIGER KRX기후변화솔루션,ETF,404540
TIGER K방산&우주,ETF,463250
TIGER LG그룹플러스,ETF,138530
TIGER MKF배당귀족,ETF,445910
TIGER TDF2045,ETF,0025N0
TIGER 게임TOP10,ETF,364990
TIGER 구리실물,ETF,160580
TIGER 국고채30년스트립액티브,ETF,451530
TIGER 글로벌4차산업혁신기술(합성 H),ETF,275980
TIGER 글로벌AI&로보틱스 INDXX,ETF,464310
TIGER 글로벌AI액티브,ETF,466950
TIGER 글로벌AI인프라액티브,ETF,491010
TIGER 글로벌AI플랫폼액티브,ETF,412770
TIGER 글로벌리튬&2차전지SOLACTIVE(합성),ETF,394670
TIGER 글로벌비만치료제TOP2Plus,ETF,476690
TIGER 글로벌혁신블루칩TOP10,ETF,464930
TIGER 단기채권액티브,ETF,272580
TIGER 단기통안채,ETF,157450
TIGER 리츠부동산인프라,ETF,329200
TIGER 리츠부동산인프라10채권혼합액티브,ETF,0086C0
TIGER 머니마켓액티브,ETF,0043B0
TIGER 미국30년국채스트립액티브(합성 H),ETF,458250
TIGER 미국30년국채커버드콜액티브(H),ETF,476550
TIGER 미국AI데이터센터TOP4Plus,ETF,0142D0
TIGER 미국AI반도체팹리스,ETF,491830
TIGER 미국AI소프트웨어TOP4Plus,ETF,0102A0
TIGER 미국AI전력SMR,ETF,0123G0
TIGER 미국S&P500,ETF,360750
TIGER 미국S&P500배당귀족,ETF,429000
TIGER 미국S&P500타겟데일리커버드콜,ETF,482730
TIGER 미국나스닥100,ETF,133690
TIGER 미국나스닥100(H),ETF,448300
TIGER 미국나스닥100채권혼합Fn,ETF,435420
TIGER 미국다우존스30,ETF,245340
TIGER 미국달러단기채권액티브,ETF,329750
TIGER 미국방산TOP10,ETF,494840
TIGER 미국배당다우존스,ETF,458730
TIGER 미국채10년선물,ETF,305080
TIGER 미국초단기(3개월이하)국채,ETF,0046A0
TIGER 미국테크TOP10 INDXX,ETF,381170
TIGER 미국테크TOP10 INDXX(H),ETF,472160
TIGER 미국테크TOP10채권혼합,ETF,472170
TIGER 미국테크TOP10타겟커버드콜,ETF,474220
TIGER 미국필라델피아AI반도체나스닥,ETF,497570
TIGER 미국필라델피아반도체나스닥,ETF,381180
TIGER 미국필라델피아반도체레버리지(합성),ETF,423920
TIGER 미디어컨텐츠,ETF,228810
TIGER 바이오TOP10,ETF,364970
TIGER 반도체,ETF,091230
TIGER 반도체TOP10,ETF,396500
TIGER 반도체TOP10레버리지,ETF,488080
TIGER 배당커버드콜액티브,ETF,472150
TIGER 삼성그룹,ETF,138520
TIGER 소프트웨어,ETF,157490
TIGER 여행레저,ETF,228800
TIGER 우량회사채액티브,ETF,438330
TIGER 원유선물Enhanced(H),ETF,130680
TIGER 원유선물인버스(H),ETF,217770
TIGER 은행고배당플러스TOP10,ETF,466940
TIGER 의료기기,ETF,307510
TIGER 인도니프티50,ETF,453870
TIGER 인버스,ETF,123310
TIGER 인터넷TOP10,ETF,365000
TIGER 조선TOP10,ETF,494670
TIGER 종합채권(AA-이상)액티브,ETF,451540
TIGER 중국소비테마,ETF,150460
TIGER 중장기국채,ETF,302190
TIGER 지주회사,ETF,307520
TIGER 차이나반도체FACTSET,ETF,396520
TIGER 차이나전기차SOLACTIVE,ETF,371460
TIGER 차이나증권,ETF,0133E0
TIGER 차이나테크TOP10,ETF,0047A0
TIGER 차이나항셍테크,ETF,371160
TIGER 차이나항셍테크레버리지(합성 H),ETF,438320
TIGER 차이나휴머노이드로봇,ETF,0053L0
TIGER 코리아AI전력기기TOP3플러스,ETF,0117V0
TIGER 코리아TOP10,ETF,292150
TIGER 코리아밸류업,ETF,496080
TIGER 코리아원자력,ETF,0091P0
TIGER 코리아테크액티브,ETF,471780
TIGER 코리아휴머노이드로봇산업,ETF,0148J0
TIGER 코스닥150,ETF,232080
TIGER 코스닥150 레버리지,ETF,233160
TIGER 코스닥150바이오테크,ETF,261070
TIGER 코스닥150선물인버스,ETF,250780
TIGER 코스닥글로벌,ETF,461580
TIGER 테슬라채권혼합Fn,ETF,447770
TIGER 퓨처모빌리티액티브,ETF,387280
TIGER 헬스케어,ETF,143860
TIGER 현대차그룹플러스,ETF,138540
TIGER 화장품,ETF,228790
KODEX 차이나AI반도체TOP10,ETF,0162L0
KODEX 차이나AI반도체TOP10,ETF,0162L0
SOL 미국30년국채액티브(H),ETF,461600
SOL 미국30년국채액티브(H),ETF,461600
KODEX K조선TOP10,ETF,0115D0
PLUS 200선물레버리지,ETF,253150
PLUS 200선물인버스2X,ETF,253160
TIGER 글로벌AI&로보틱스 INDXX,ETF,464310
UNICORN SK하이닉스밸류체인액티브,ETF,494220
UNICORN SK하이닉스밸류체인액티브,ETF,494220
KODEX 2차전지산업,ETF,305720
KODEX 2차전지산업레버리지,ETF,462330
KODEX 반도체,ETF,091160
KIWOOM 200,ETF,069660
KIWOOM 200TR,ETF,294400
KODEX 반도체레버리지,ETF,494310
KODEX 방산TOP10,ETF,0080G0
KODEX 방산TOP10레버리지,ETF,0100K0
KODEX 원자력SMR,ETF,0098F0
KIWOOM 200선물레버리지,ETF,253250
KIWOOM 200선물인버스,ETF,253240
KIWOOM 200선물인버스2X,ETF,253230
KIWOOM 26-09회사채(AA-이상)액티브,ETF,464240
KIWOOM CD금리액티브(합성),ETF,458210
KIWOOM K-2차전지북미공급망,ETF,488200
KIWOOM K-반도체북미공급망,ETF,488210
KIWOOM K-테크TOP10,ETF,469790
KIWOOM KRX100,ETF,100910
KIWOOM TDF2030액티브,ETF,435530
KIWOOM TDF2040액티브,ETF,435540
KIWOOM TDF2050액티브,ETF,435550
KIWOOM 고배당,ETF,104530
KIWOOM 국고채10년,ETF,148070
KIWOOM 국고채10년레버리지,ETF,167860
KIWOOM 국고채30년액티브,ETF,471460
KIWOOM 글로벌AI반도체,ETF,473490
KIWOOM 글로벌전력GRID인프라,ETF,489860
KIWOOM 단기자금,ETF,130730
KIWOOM 단기채권ESG액티브,ETF,419890
KIWOOM 독일DAX,ETF,411860
KIWOOM 머니마켓액티브,ETF,476450
KIWOOM 물가채KIS,ETF,430500
KIWOOM 미국S&P500,ETF,449770
KIWOOM 미국S&P500 TOP10&배당다우비중전환,ETF,0127V0
KIWOOM 미국S&P500&GOLD,ETF,0137W0
KIWOOM 미국S&P500&배당다우존스비중전환,ETF,0127T0
KIWOOM 미국S&P500(H),ETF,449780
KIWOOM 미국S&P500모멘텀,ETF,0137V0
KIWOOM 미국고배당&AI테크,ETF,0107F0
KIWOOM 미국나스닥100(H),ETF,453080
KIWOOM 미국달러SOFR금리액티브(합성),ETF,460270
KIWOOM 미국달러선물,ETF,138230
KIWOOM 미국달러선물레버리지,ETF,225800
KIWOOM 미국달러선물인버스,ETF,139660
KIWOOM 미국달러선물인버스2X,ETF,230480
KIWOOM 미국대형주500월간목표헤지액티브,ETF,0084E0
KIWOOM 미국방어배당성장나스닥,ETF,373790
KIWOOM 미국블록버스터바이오테크의약품+,ETF,483030
KIWOOM 미국성장기업30액티브,ETF,459790
KIWOOM 미국양자컴퓨팅,ETF,498270
KIWOOM 미국원유에너지기업,ETF,474800
KIWOOM 미국테크100월간목표헤지액티브,ETF,0084D0
KIWOOM 블루칩,ETF,104520
KIWOOM 엔비디아미국30년국채혼합액티브(H),ETF,0015E0
KIWOOM 의료AI,ETF,483020
KIWOOM 인도Nifty50(합성),ETF,200250
KIWOOM 종합채권(AA-이상)액티브,ETF,454780
KIWOOM 차이나내수소비TOP CSI,ETF,454180
KIWOOM 코리아밸류업,ETF,496090
KIWOOM 코스닥150,ETF,316670
KIWOOM 코스닥150선물레버리지,ETF,291630
KIWOOM 코스닥150선물인버스,ETF,291620
KIWOOM 코스피100,ETF,153270
KIWOOM 26-09회사채(AA-이상)액티브,ETF,464240
KIWOOM 국고채3년,ETF,114470
KIWOOM 통안채1년,ETF,122260
KIWOOM 팔란티어미국30년국채혼합액티브(H),ETF,0015F0
KIWOOM 한국고배당&미국AI테크,ETF,0097L0
PLUS 글로벌휴머노이드로봇액티브,ETF,0035T0
RISE KIS국고채30년Enhanced,ETF,385560
RISE 국고채3년,ETF,114100
1Q 미국S&P500,ETF,0026S0
1Q 미국나스닥100,ETF,0069M0
PLUS 200선물레버리지,ETF,253150
PLUS K방산,ETF,449450
PLUS K방산레버리지,ETF,0104G0
PLUS K방산소부장,ETF,0090B0
PLUS 글로벌방산,ETF,496770
PLUS 일본엔화초단기국채(합성),ETF,489000
PLUS 자사주매입고배당주,ETF,0098N0
PLUS 코스닥150선물인버스,ETF,301410
KODEX 200롱코스닥150숏선물,ETF,360140
KODEX 코스닥150,ETF,229200
KODEX 코스닥150레버리지,ETF,233740
KODEX 코스닥150롱코스피200숏선물,ETF,360150
KODEX 코스닥150선물인버스,ETF,251340
PLUS ESG성장주액티브,ETF,395760
PLUS 200TR,ETF,491220
PLUS ESG가치주액티브,ETF,395750
PLUS 미국장기우량회사채,ETF,332620
PLUS 코스피TR,ETF,328370
PLUS 한화그룹주,ETF,0000J0
PLUS 200선물인버스2X,ETF,253160
PLUS K방산,ETF,449450
PLUS 글로벌HBM반도체,ETF,442580
ACE 국고채3년,ETF,114460
KODEX 삼성그룹,ETF,102780
ACE 미국나스닥100미국채혼합50액티브,ETF,438100
PLUS 글로벌HBM반도체,ETF,442580
KODEX 미국S&P500버퍼3월액티브,ETF,0026E0
KODEX 미국S&P500버퍼6월액티브,ETF,0068M0
VITA MZ소비액티브,ETF,422260
WON 한국부동산TOP3플러스,ETF,480460
마이티 바이오시밀러&CDMO액티브,ETF,0001P0
KODEX Top5PlusTR,ETF,315930
TIGER 차이나글로벌리더스TOP3+,ETF,0067V0
TIGER 코리아AI전력기기TOP3플러스,ETF,0117V0
TIGER 코스닥150 레버리지,ETF,233160
TIME 글로벌AI인공지능액티브,ETF,456600
TIME 미국나스닥100액티브,ETF,426030
UNICORN R&D 액티브,ETF,433250
UNICORN SK하이닉스밸류체인액티브,ETF,494220
TIGER 미국필라델피아AI반도체나스닥,ETF,497570
TIGER 미국필라델피아반도체레버리지(합성),ETF,423920
TIGER 반도체,ETF,091230
TIGER 인도니프티50레버리지(합성),ETF,236350
TIGER 차이나CSI300레버리지(합성),ETF,204480
TIGER 미국AI데이터센터TOP4Plus,ETF,0142D0
TIGER 미국AI반도체팹리스,ETF,491830
TIGER 미국AI소프트웨어TOP4Plus,ETF,0102A0
TIGER 미국AI전력SMR,ETF,0123G0
TIGER 미국나스닥100ETF선물,ETF,483240
TIGER K방산&우주,ETF,463250
TIGER 글로벌4차산업혁신기술(합성 H),ETF,275980
TIGER 글로벌AI&로보틱스 INDXX,ETF,464310
TIGER 글로벌AI인프라액티브,ETF,491010
TIGER 글로벌자율주행&전기차SOLACTIVE,ETF,394660
TIGER 글로벌클라우드컴퓨팅INDXX,ETF,371450
SOL 미국양자컴퓨팅TOP10,ETF,0023A0
SOL 미국원자력SMR,ETF,0051G0
SOL 조선TOP3플러스레버리지,ETF,0080Y0
TIGER 200선물레버리지,ETF,267770
TIGER 200커버드콜,ETF,289480
TIGER 2차전지TOP10레버리지,ETF,412570
RISE 미국AI클라우드인프라,ETF,0127R0
RISE 미국양자컴퓨팅,ETF,0018Z0
SOL 미국AI반도체칩메이커,ETF,479620
SOL 미국AI전력인프라,ETF,486450
SOL 미국넥스트테크TOP10액티브,ETF,0118S0
PLUS 심천차이넥스트(합성),ETF,256450
PLUS 일본반도체소부장,ETF,464920
RISE AI플랫폼,ETF,427120
RISE 글로벌데이터센터리츠(합성),ETF,375270
RISE 글로벌비만산업TOP2+,ETF,476310
RISE 글로벌원자력,ETF,442320
PLUS 글로벌원자력밸류체인,ETF,0007G0
PLUS 글로벌희토류&전략자원생산기업,ETF,415920
PLUS 미국양자컴퓨팅TOP10,ETF,0023B0
PLUS 미국테크TOP10레버리지(합성),ETF,461910
PLUS 신흥국MSCI(합성 H),ETF,195980
PLUS 글로벌AI인프라,ETF,489010
PLUS 글로벌HBM반도체,ETF,442580
PLUS 글로벌수소&차세대연료전지,ETF,419650
PLUS ESG성장주액티브,ETF,395760
KoAct 미국나스닥성장기업액티브,ETF,0015B0
PLUS 200선물인버스2X,ETF,253160
KODEX 반도체레버리지,ETF,494310
KODEX 코스닥150레버리지,ETF,233740
KODEX 퀄리티Plus,ETF,244660
KoAct 글로벌K컬처밸류체인액티브,ETF,0132D0
KoAct 글로벌양자컴퓨팅액티브,ETF,0020H0
ACE FTSE WGBI Korea,ETF,0010E0
KODEX 미국원자력SMR,ETF,0132H0
KODEX 미국클린에너지나스닥,ETF,419420
KODEX 반도체,ETF,091160
KODEX 미국드론UAM TOP10,ETF,0144M0
KODEX 미국서학개미,ETF,473460
KODEX 미국스마트모빌리티S&P,ETF,390400
KODEX 미국AI전력핵심인프라,ETF,487230
KODEX 미국AI테크TOP10타겟커버드콜,ETF,483280
KODEX 미국나스닥100레버리지(합성 H),ETF,409820
KODEX 미국나스닥AI테크액티브,ETF,411420
KODEX 멀티팩터,ETF,337120
KODEX 미국AI반도체TOP3플러스,ETF,0151S0
KIWOOM 코스닥150선물인버스,ETF,291620
KODEX 2차전지산업레버리지,ETF,462330
KODEX AI반도체,ETF,395160
KODEX KRX300레버리지,ETF,306950
KIWOOM 미국양자컴퓨팅,ETF,498270
KIWOOM 블루칩,ETF,104520
KIWOOM 차이나A50커넥트MSCI,ETF,441330
ACE 미국나스닥100미국채혼합50액티브,ETF,438100
KIWOOM 글로벌AI반도체,ETF,473490
KIWOOM 200선물인버스,ETF,253240
HANARO 글로벌생성형AI액티브,ETF,461340
HANARO 글로벌피지컬AI액티브,ETF,0040S0
ITF K-AI반도체코어테크,ETF,0005G0
ACE 중국본토CSI300레버리지(합성),ETF,219900
ACE 코리아AI테크핵심산업,ETF,380340
ACE미국반도체데일리타겟커버드콜(합성),ETF,480040
HANARO Fn골프테마,ETF,407300
ACE 미국빅테크TOP7 Plus레버리지(합성),ETF,465610
ACE 중국과창판STAR50,ETF,416090
ACE 미국SMR원자력TOP10,ETF,0155M0
ACE 미국AI테크핵심산업액티브,ETF,0118Z0
ACE 러시아MSCI(합성),ETF,265690
1Q 미국우주항공테크,ETF,0131V0
ACE AI반도체TOP3+,ETF,469150
ACE AI반도체TOP3+,ETF,469150
KODEX 미국테크 TOP3 플러스,ETF,491090
KODEX 미국AI테크TOP10,ETF,485540
KODEX 미국AI테크TOP10,ETF,485540
KODEX 미국테크 TOP3 플러스,ETF,491090
KODEX 미국원자력SMR,ETF,0132H0
KODEX 미국원자력SMR,ETF,0132H0
KODEX 미국AI반도체TOP3플러스,ETF,0151S0
KODEX 미국AI반도체TOP3플러스,ETF,0151S0
KODEX 미국나스닥AI테크액티브,ETF,411420
KODEX 미국나스닥AI테크액티브,ETF,411420
KODEX 미국휴머노이드로봇,ETF,0038A0
KODEX 미국휴머노이드로봇,ETF,0038A0
KODEX 200,ETF,069500
KODEX 200ESG,ETF,337160
KODEX 200TR,ETF,278530
KODEX 200미국채혼합,ETF,284430
KODEX 200선물인버스2X,ETF,252670
KODEX 200액티브,ETF,494890
KODEX 200타겟위클리커버드콜,ETF,498400
KODEX 26-12 회사채(AA-이상)액티브,ETF,473290
KODEX 27-12 회사채(AA-이상)액티브,ETF,0007F0
KODEX 28-12 회사채(AA-이상)액티브,ETF,0119H0
KODEX 2차전지산업,ETF,305720
KODEX 2차전지핵심소재10,ETF,461950
KODEX AI반도체,ETF,395160
KODEX AI반도체핵심장비,ETF,471990
KODEX AI전력핵심설비,ETF,487240
KODEX CD1년금리플러스액티브(합성),ETF,481050
KODEX CD금리액티브(합성),ETF,459580
KODEX ESG종합채권(A-이상)액티브,ETF,439860
KODEX IT,ETF,266370
KODEX KOFR금리액티브(합성),ETF,423160
KODEX K조선TOP10,ETF,0115D0
KODEX WTI원유선물(H),ETF,261220
KODEX WTI원유선물인버스(H),ETF,271050
KODEX 고배당주,ETF,279530
KODEX 구리선물(H),ETF,138910
KODEX 국고채10년액티브,ETF,471230
KODEX 국고채30년액티브,ETF,439870
KODEX 국고채3년,ETF,114260
KODEX 금융고배당TOP10,ETF,0089D0
KODEX 단기채권,ETF,153130
KODEX 단기채권PLUS,ETF,214980
KODEX 레버리지,ETF,122630
KODEX 로봇액티브,ETF,445290
KODEX 머니마켓액티브,ETF,488770
KODEX 메타버스액티브,ETF,401470
KODEX 미국10년국채선물,ETF,308620
KODEX 미국30년국채울트라선물(H),ETF,304660
KODEX 미국AI반도체TOP3플러스,ETF,0151S0
KODEX 미국AI소프트웨어TOP10,ETF,0041D0
KODEX 미국AI전력핵심인프라,ETF,487230
KODEX 미국AI테크TOP10,ETF,485540
KODEX 미국S&P500,ETF,379800
KODEX 미국S&P500(H),ETF,449180
KODEX 미국S&P500선물(H),ETF,219480
KODEX 미국나스닥100,ETF,379810
KODEX 미국나스닥100(H),ETF,449190
KODEX 미국나스닥100레버리지(합성 H),ETF,409820
KODEX 미국달러SOFR금리액티브(합성),ETF,455030
KODEX 미국달러선물,ETF,261240
KODEX 미국달러선물레버리지,ETF,261250
KODEX 미국달러선물인버스2X,ETF,261260
KODEX 미국반도체,ETF,390390
KODEX 미국빅테크10(H),ETF,314250
KODEX 미국휴머노이드로봇,ETF,0038A0
KODEX 바이오,ETF,244580
KODEX 반도체,ETF,091160
KODEX 방산TOP10,ETF,0080G0
KODEX 배당가치,ETF,325020
KODEX 보험,ETF,140700
KODEX 삼성그룹,ETF,102780
KODEX 삼성전자채권혼합,ETF,448330
KODEX 운송,ETF,140710
KODEX 원자력SMR,ETF,0098F0
KODEX 은선물(H),ETF,144600
KODEX 은행,ETF,091170
KODEX 인버스,ETF,114800
KODEX 자동차,ETF,091180
KODEX 종합채권(AA-이상)액티브,ETF,273130
KODEX 증권,ETF,102970
KODEX 철강,ETF,117680
KODEX 코리아밸류업,ETF,495850
KODEX 코리아소버린AI,ETF,0115E0
KODEX 코스닥150,ETF,229200
KODEX 코스닥150레버리지,ETF,233740
KODEX 코스닥150선물인버스,ETF,251340
KODEX 코스피,ETF,226490
KODEX 코스피100,ETF,237350
KODEX 코스피TR,ETF,359210
KODEX 코스피대형주,ETF,337140
RISE 200,ETF,148020
RISE 200TR,ETF,361580
RISE 200선물인버스,ETF,252410
RISE 200위클리커버드콜,ETF,475720
RISE 2차전지TOP10,ETF,465330
RISE 2차전지액티브,ETF,422420
RISE AI&로봇,ETF,469070
RISE AI반도체TOP10,ETF,0093A0
RISE AI전력인프라,ETF,0101N0
RISE CD금리액티브(합성),ETF,477080
RISE ESG사회책임투자,ETF,290130
RISE KIS국고채30년Enhanced,ETF,385560
RISE KOFR금리액티브(합성),ETF,479520
RISE 고배당,ETF,266160
RISE 글로벌원자력,ETF,442320
RISE 글로벌자산배분액티브,ETF,461490
RISE 네트워크인프라,ETF,367760
RISE 단기통안채,ETF,196230
RISE 대형고배당10TR,ETF,315960
RISE 머니마켓액티브,ETF,455890
RISE 메타버스,ETF,401170
RISE 미국S&P500,ETF,379780
RISE 미국반도체NYSE(H),ETF,469050
RISE 미국양자컴퓨팅,ETF,0018Z0
RISE 미국휴머노이드로봇,ETF,0036R0
RISE 바이오TOP10액티브,ETF,0000Z0
RISE 비메모리반도체액티브,ETF,388420
RISE 삼성그룹Top3채권혼합,ETF,448630
RISE 삼성전자SK하이닉스채권혼합50,ETF,0162Z0
RISE 중기우량회사채,ETF,136340
RISE 차이나항셍테크,ETF,371150
RISE 채권혼합,ETF,183700
RISE 코리아금융고배당,ETF,498860
RISE 코리아밸류업,ETF,495050
RISE 코리아전략산업액티브,ETF,0151P0
RISE 코스닥150,ETF,270810
RISE 코스닥150선물레버리지,ETF,278240
RISE 코스피,ETF,302450
1Q 200액티브,ETF,451060
1Q K소버린AI,ETF,0103T0
1Q 단기금융채액티브,ETF,463290
1Q 미국S&P500,ETF,0026S0
1Q 미국메디컬AI,ETF,0083S0
1Q 미국우주항공테크,ETF,0131V0
1Q 종합채권(AA-이상)액티브,ETF,0017Y0
1Q 중단기회사채(A-이상)액티브,ETF,0052T0
1Q 현대차그룹채권(A+이상)&국고통안,ETF,492500
ACE 200,ETF,105190
ACE AI반도체TOP3+,ETF,469150
ACE BYD밸류체인액티브,ETF,0079X0
ACE KPOP포커스,ETF,475050
ACE KRX금현물,ETF,411060
ACE TDF2050액티브,ETF,0021E0
ACE 구글밸류체인액티브,ETF,483340
ACE 국고채10년,ETF,365780
ACE 글로벌반도체TOP4 Plus,ETF,446770
ACE 글로벌자율주행액티브,ETF,414270
ACE 단기채권알파액티브,ETF,440640
ACE 단기통안채,ETF,190620
ACE 라이프자산주주가치액티브,ETF,494330
ACE 머니마켓액티브,ETF,487340
ACE 미국10년국채액티브,ETF,0085P0
ACE 미국10년국채액티브(H),ETF,0085N0
ACE 미국AI테크핵심산업액티브,ETF,0118Z0
ACE 미국SMR원자력TOP10,ETF,0155M0
ACE 미국나스닥100,ETF,367380
ACE 미국대형가치주액티브,ETF,0127M0
ACE 미국빅테크TOP7 Plus,ETF,465580
ACE 엔비디아밸류체인액티브,ETF,483320
ACE 엔비디아채권혼합,ETF,448540
ACE 원자력TOP10,ETF,433500
ACE 종합채권(AA-이상)액티브,ETF,356540
ACE 차이나AI빅테크TOP2+액티브,ETF,0087F0
ACE 테슬라밸류체인액티브,ETF,457480
ACE 포스코그룹포커스,ETF,469170
KIWOOM 200,ETF,069660
KIWOOM Fn유전자혁신기술,ETF,460280
KIWOOM K-2차전지북미공급망,ETF,488200
KIWOOM 단기자금,ETF,130730
KIWOOM 머니마켓액티브,ETF,476450
KIWOOM 미국양자컴퓨팅,ETF,498270
KIWOOM 미국원유에너지기업,ETF,474800
KIWOOM 종합채권(AA-이상)액티브,ETF,454780
KIWOOM 코스닥150,ETF,316670
TIME Korea플러스배당액티브,ETF,441800
TIME K바이오액티브,ETF,463050
TIME 글로벌AI인공지능액티브,ETF,456600
TIME 미국S&P500액티브,ETF,426020
TIME 미국나스닥100액티브,ETF,426030
TIME 코리아밸류업액티브,ETF,495060
TIME 코스피액티브,ETF,385720
WON 200,ETF,448100
WON 국공채머니마켓액티브,ETF,458030
WON 초대형IB&금융지주,ETF,0154F0
HANARO 200,ETF,293180
HANARO CAPEX설비투자iSelect,ETF,454320
HANARO Fn K-반도체,ETF,395270
HANARO K-뷰티,ETF,479850
HANARO K휴머노이드테마TOP10,ETF,0155N0
HANARO 글로벌생성형AI액티브,ETF,461340
HANARO 반도체핵심공정주도주,ETF,476260
HANARO 원자력iSelect,ETF,434730
HANARO 전력설비투자,ETF,491820
HANARO 증권고배당TOP3플러스,ETF,0111J0
HANARO 코스닥150,ETF,304770
KoAct AI인프라액티브,ETF,487130
KoAct 글로벌AI&로봇액티브,ETF,471040
KoAct 바이오헬스케어액티브,ETF,462900
KoAct 수소전력ESS인프라액티브,ETF,0150K0
KoAct 차이나바이오헬스케어액티브,ETF,0154H0
KoAct 코리아밸류업액티브,ETF,495230
KoAct 팔란티어밸류체인액티브,ETF,0093D0
TIGER 12월자동연장금융채(AA-이상)액티브,ETF,0139F0
TIGER 200,ETF,102110
TIGER 200IT,ETF,139260
TIGER 200건설,ETF,139220
TIGER 200경기소비재,ETF,139290
TIGER 200선물인버스2X,ETF,252710
TIGER 200에너지화학,ETF,139250
TIGER 200중공업,ETF,139230
TIGER 200타겟위클리커버드콜,ETF,0104N0
TIGER 27-04회사채(A+이상)액티브,ETF,480260
TIGER 28-04 회사채(A+이상)액티브,ETF,0094K0
TIGER 2차전지TOP10,ETF,364980
TIGER 2차전지소재Fn,ETF,462010
TIGER 2차전지테마,ETF,305540
TIGER AI반도체핵심공정,ETF,471760
TIGER CD금리투자KIS(합성),ETF,357870
TIGER KRX금현물,ETF,0072R0
TIGER LG그룹플러스,ETF,138530
TIGER 구리실물,ETF,160580
TIGER 국고채30년스트립액티브,ETF,451530
TIGER 국채3년,ETF,114820
TIGER 글로벌AI&로보틱스 INDXX,ETF,464310
TIGER 글로벌AI액티브,ETF,466950
TIGER 글로벌AI인프라액티브,ETF,491010
TIGER 금은선물(H),ETF,139320
TIGER 단기채권액티브,ETF,272580
TIGER 단기통안채,ETF,157450
TIGER 리츠부동산인프라,ETF,329200
TIGER 머니마켓액티브,ETF,0043B0
TIGER 미국AI데이터센터TOP4Plus,ETF,0142D0
TIGER 미국AI반도체팹리스,ETF,491830
TIGER 미국AI빅테크10타겟데일리커버드콜,ETF,493810
TIGER 미국AI소프트웨어TOP4Plus,ETF,0102A0
TIGER 미국AI전력SMR,ETF,0123G0
TIGER 미국S&P500,ETF,360750
TIGER 미국나스닥100,ETF,133690
TIGER 미국나스닥100레버리지(합성),ETF,418660
TIGER 미국나스닥100타겟데일리커버드콜,ETF,486290
TIGER 미국나스닥바이오,ETF,203780
TIGER 미국달러단기채권액티브,ETF,329750
TIGER 미국방산TOP10,ETF,494840
TIGER 미국배당다우존스,ETF,458730
TIGER 미국배당다우존스타겟커버드콜2호,ETF,458760
TIGER 미국초단기(3개월이하)국채,ETF,0046A0
TIGER 미국테크TOP10 INDXX,ETF,381170
TIGER 미국테크TOP10 INDXX(H),ETF,472160
TIGER 미국테크TOP10채권혼합,ETF,472170
TIGER 미국테크TOP10타겟커버드콜,ETF,474220
TIGER 미국필라델피아AI반도체나스닥,ETF,497570
TIGER 미국필라델피아반도체나스닥,ETF,381180
TIGER 미국필라델피아반도체레버리지(합성),ETF,423920
TIGER 미디어컨텐츠,ETF,228810
TIGER 바이오TOP10,ETF,364970
TIGER 반도체,ETF,091230
TIGER 반도체TOP10,ETF,396500
TIGER 반도체TOP10레버리지,ETF,488080
TIGER 배당커버드콜액티브,ETF,472150
TIGER 삼성그룹,ETF,138520
TIGER 소프트웨어,ETF,157490
TIGER 우량회사채액티브,ETF,438330
TIGER 우선주,ETF,261140
TIGER 은행고배당플러스TOP10,ETF,466940
TIGER 인도니프티50,ETF,453870
TIGER 인도빌리언컨슈머,ETF,479730
TIGER 인버스,ETF,123310
TIGER 조선TOP10,ETF,494670
TIGER 종합채권(AA-이상)액티브,ETF,451540
TIGER 중국소비테마,ETF,150460
TIGER 증권,ETF,157500
TIGER 지주회사,ETF,307520
TIGER 차이나HSCEI,ETF,245360
TIGER 차이나반도체FACTSET,ETF,396520
TIGER 차이나전기차SOLACTIVE,ETF,371460
TIGER 차이나증권,ETF,0133E0
TIGER 차이나테크TOP10,ETF,0047A0
TIGER 차이나항셍테크레버리지(합성 H),ETF,438320
TIGER 차이나휴머노이드로봇,ETF,0053L0
TIGER 코리아AI전력기기TOP3플러스,ETF,0117V0
TIGER 코리아TOP10,ETF,292150
TIGER 코리아배당다우존스,ETF,0052D0
TIGER 코리아밸류업,ETF,496080
TIGER 코리아원자력,ETF,0091P0
TIGER 코리아테크액티브,ETF,471780
TIGER 코리아휴머노이드로봇산업,ETF,0148J0
TIGER 코스닥150,ETF,232080
TIGER 코스닥150바이오테크,ETF,261070
TIGER 코스닥150선물인버스,ETF,250780
TIGER 코스닥글로벌,ETF,461580
TIGER 코스피,ETF,277630
TIGER 코스피대형주,ETF,277640
TIGER 테슬라채권혼합Fn,ETF,447770
TIGER 퓨처모빌리티액티브,ETF,387280
TIGER 현대차그룹플러스,ETF,138540
TIGER 화장품,ETF,228790
BNK 2차전지양극재,ETF,466810
ITF K-AI반도체코어테크,ETF,0005G0
SOL 200 Top10,ETF,411540
SOL AI반도체소부장,ETF,455850
SOL CD금리&머니마켓액티브,ETF,497880
SOL 국고채3년,ETF,438560
SOL 국제금,ETF,0066W0
SOL 금융지주플러스고배당,ETF,484880
SOL 미국AI전력인프라,ETF,486450
SOL 미국넥스트테크TOP10액티브,ETF,0118S0
SOL 미국양자컴퓨팅TOP10,ETF,0023A0
SOL 미국원자력SMR,ETF,0051G0
SOL 미국테크TOP10,ETF,481190
SOL 반도체전공정,ETF,475300
SOL 반도체후공정,ETF,475310
SOL 의료기기소부장Fn,ETF,464610
SOL 자동차TOP3플러스,ETF,466930
SOL 자동차소부장Fn,ETF,464600
SOL 전고체배터리&실리콘음극재,ETF,0005D0
SOL 조선TOP3플러스,ETF,466920
SOL 조선기자재,ETF,0141S0
SOL 종합채권(AA-이상)액티브,ETF,436140
SOL 중단기회사채(A-이상)액티브,ETF,0016X0
SOL 초단기채권액티브,ETF,469830
SOL 코리아고배당,ETF,0105E0
SOL 코리아메가테크액티브,ETF,444200
SOL 코리아밸류업TR,ETF,495550
SOL 한국AI소프트웨어,ETF,0105D0
SOL 한국원자력SMR,ETF,0092B0
SOL 화장품TOP3플러스,ETF,0008T0
PLUS ESG가치주액티브,ETF,395750
PLUS K방산,ETF,449450
PLUS K방산소부장,ETF,0090B0
PLUS TDF2060액티브,ETF,433880
PLUS 고배당주,ETF,161510
PLUS 고배당주위클리고정커버드콜,ETF,0018C0
PLUS 고배당주채권혼합,ETF,251600
PLUS 국고채10년액티브,ETF,461460
PLUS 글로벌HBM반도체,ETF,442580
PLUS 글로벌희토류&전략자원생산기업,ETF,415920
PLUS 스마트베타Quality채권혼합,ETF,238670
PLUS 우주항공&UAM,ETF,421320
PLUS 종합채권(AA-이상)액티브,ETF,451000
PLUS 코스피50,ETF,122090
PLUS 한화그룹주,ETF,0000J0
파워 고배당저변동성,ETF,192720
UNICORN SK하이닉스밸류체인액티브,ETF,494220
KODEX 미국AI소프트웨어TOP10,ETF,0041D0
KODEX 미국AI소프트웨어TOP10,ETF,0041D0
KIWOOM CD금리액티브(합성),ETF,458210
KIWOOM CD금리액티브(합성),ETF,458210
ACE 미국배당퀄리티,ETF,0046Y0
ACE 미국배당퀄리티+커버드콜액티브,ETF,0049M0
ACE 미국배당퀄리티채권혼합50,ETF,0049K0
TIME Korea플러스배당액티브,ETF,441800
TIME 미국배당다우존스액티브,ETF,0036D0
KIWOOM 200선물레버리지,ETF,253250
KIWOOM 200선물인버스,ETF,253240
KIWOOM 200선물인버스2X,ETF,253230
KIWOOM 미국달러선물,ETF,138230
KIWOOM 미국달러선물레버리지,ETF,225800
KIWOOM 미국달러선물인버스,ETF,139660
KIWOOM 미국달러선물인버스2X,ETF,230480
KIWOOM 미국방어배당성장나스닥,ETF,373790
KIWOOM 코스닥150선물레버리지,ETF,291630
KIWOOM 코스닥150선물인버스,ETF,291620
PLUS 200선물레버리지,ETF,253150
PLUS 200선물인버스2X,ETF,253160
SOL 미국S&P500미국채혼합50,ETF,0080X0
ACE 미국나스닥100미국채혼합50액티브,ETF,438100
ACE 인도컨슈머파워액티브,ETF,487910
KODEX 미국S&P500버퍼3월액티브,ETF,0026E0
KODEX 미국S&P500버퍼6월액티브,ETF,0068M0
ACE FTSE WGBI Korea,ETF,0010E0
TIGER 미국AI소프트웨어TOP4Plus,ETF,0102A0
TIGER 미국AI전력SMR,ETF,0123G0
TIGER 미국나스닥100ETF선물,ETF,483240
TIGER 미국필라델피아AI반도체나스닥,ETF,497570
TIGER 차이나글로벌리더스TOP3+,ETF,0067V0
TIME 글로벌소비트렌드액티브,ETF,494180
TIME 미국나스닥100액티브,ETF,426030
VITA 밸류알파액티브,ETF,452440
TIGER K방산&우주,ETF,463250
TIGER 인도니프티50레버리지(합성),ETF,236350
TIME 글로벌AI인공지능액티브,ETF,456600
TIGER 글로벌혁신블루칩TOP10,ETF,464930
TIGER 반도체,ETF,091230
TIGER 유로스탁스 레버리지(합성 H),ETF,225050
TIGER 국고채30년스트립액티브,ETF,451530
TIGER 미국나스닥100레버리지(합성),ETF,418660
TIGER 미국나스닥넥스트100,ETF,429010
TIGER 미국필라델피아반도체레버리지(합성),ETF,423920
TIGER 200커버드콜,ETF,289480
TIGER 글로벌자율주행&전기차SOLACTIVE,ETF,394660
ACE 미국나스닥100미국채혼합50액티브,ETF,438100
SOL 미국S&P500미국채혼합50,ETF,0080X0
SOL 조선TOP3플러스레버리지,ETF,0080Y0
SOL 코리아밸류업TR,ETF,495550
TIGER 200IT레버리지,ETF,243880
SOL 미국양자컴퓨팅TOP10,ETF,0023A0
SOL 미국원자력SMR,ETF,0051G0
SOL 미국AI전력인프라,ETF,486450
SOL 미국넥스트테크TOP10액티브,ETF,0118S0
RISE 인도디지털성장,ETF,498610
RISE 차이나테크TOP10위클리타겟커버드콜,ETF,0094L0
SOL K방산,ETF,490480
SOL 미국AI반도체칩메이커,ETF,479620
RISE 미국S&P원유생산기업(합성 H),ETF,219390
RISE 미국반도체NYSE,ETF,469060
RISE 미국휴머노이드로봇,ETF,0036R0
RISE 글로벌게임테크TOP3Plus,ETF,0114X0
RISE 글로벌데이터센터리츠(합성),ETF,375270
RISE 글로벌비만산업TOP2+,ETF,476310
RISE 미국AI밸류체인TOP3Plus,ETF,485690
PLUS 심천차이넥스트(합성),ETF,256450
RISE 200고배당커버드콜ATM,ETF,290080
PLUS 글로벌희토류&전략자원생산기업,ETF,415920
PLUS 미국AI에이전트,ETF,0050E0
PLUS 미국양자컴퓨팅TOP10,ETF,0023B0
PLUS 미국테크TOP10레버리지(합성),ETF,461910
PLUS K방산레버리지,ETF,0104G0
PLUS 글로벌수소&차세대연료전지,ETF,419650
PLUS 글로벌원자력밸류체인,ETF,0007G0
KODEX 방산TOP10레버리지,ETF,0100K0
KODEX 코스닥150선물인버스,ETF,251340
KoAct 글로벌양자컴퓨팅액티브,ETF,0020H0
PLUS K방산,ETF,449450
HANARO Fn친환경에너지,ETF,381570
KODEX 미국원자력SMR,ETF,0132H0
KODEX 미국클린에너지나스닥,ETF,419420
KODEX 미국휴머노이드로봇,ETF,0038A0
KODEX 방산TOP10,ETF,0080G0
KODEX 미국서학개미,ETF,473460
KODEX 미국스마트모빌리티S&P,ETF,390400
KODEX 미국나스닥100레버리지(합성 H),ETF,409820
KODEX 미국나스닥AI테크액티브,ETF,411420
KODEX 미국반도체,ETF,390390
KODEX 미국AI전력핵심인프라,ETF,487230
KODEX 미국S&P500버퍼3월액티브,ETF,0026E0
KODEX 미국S&P500버퍼6월액티브,ETF,0068M0
KIWOOM 미국양자컴퓨팅,ETF,498270
KIWOOM 차이나A50커넥트MSCI,ETF,441330
KODEX KRX300레버리지,ETF,306950
KODEX 미국AI반도체TOP3플러스,ETF,0151S0
KODEX 미국AI소프트웨어TOP10,ETF,0041D0
HANARO 글로벌생성형AI액티브,ETF,461340
KIWOOM 200선물인버스,ETF,253240
KIWOOM 200선물인버스2X,ETF,253230
ACE미국반도체데일리타겟커버드콜(합성),ETF,480040
ACE 미국친환경그린테마,ETF,391600
ACE 중국본토CSI300레버리지(합성),ETF,219900
ACE 미국주식베스트셀러,ETF,473590
ACE 미국빅테크TOP7 Plus레버리지(합성),ETF,465610
ACE 미국SMR원자력TOP10,ETF,0155M0
ACE MSCI멕시코(합성),ETF,291130
ACE 러시아MSCI(합성),ETF,265690
SOL 글로벌AI반도체탑픽액티브,ETF,423170
SOL 한국형글로벌전기차&2차전지액티브,ETF,429980
KoAct 글로벌AI&로봇액티브,ETF,471040
KoAct 바이오헬스케어액티브,ETF,462900
KoAct 배당성장액티브,ETF,476850
KoAct 코리아밸류업액티브,ETF,495230
KoAct 팔란티어밸류체인액티브,ETF,0093D0
TIGER 코스닥글로벌,ETF,461580
TIGER 코스닥글로벌,ETF,461580
TIGER 중국소비테마,ETF,150460
TIGER 중국소비테마,ETF,150460
TIGER KRX기후변화솔루션,ETF,404540
TIGER KRX기후변화솔루션,ETF,404540
TIGER KEDI혁신기업ESG30,ETF,417630
TIGER KEDI혁신기업ESG30,ETF,417630
TIGER MKF배당귀족,ETF,445910
TIGER MKF배당귀족,ETF,445910
TIGER 삼성그룹,ETF,138520
TIGER 삼성그룹,ETF,138520
TIGER LG그룹플러스,ETF,138530
TIGER LG그룹플러스,ETF,138530
TIGER 현대차그룹플러스,ETF,138540
TIGER 현대차그룹플러스,ETF,138540
TIGER 200건설,ETF,139220
TIGER 200건설,ETF,139220
TIGER 경기방어,ETF,139280
TIGER 경기방어,ETF,139280
TIGER 200경기소비재,ETF,139290
TIGER 200경기소비재,ETF,139290
TIGER 모멘텀,ETF,147970
TIGER 모멘텀,ETF,147970
TIGER 로우볼,ETF,174350
TIGER 로우볼,ETF,174350
TIGER 증권,ETF,157500
TIGER 증권,ETF,157500
TIGER 배당성장,ETF,211560
TIGER 배당성장,ETF,211560
TIGER 우량가치,ETF,227570
TIGER 우량가치,ETF,227570
TIGER 우선주,ETF,261140
TIGER 우선주,ETF,261140
TIGER 200동일가중,ETF,252000
TIGER 200동일가중,ETF,252000
TIGER KTOP30,ETF,228820
TIGER KTOP30,ETF,228820
TIGER 미디어컨텐츠,ETF,228810
TIGER 미디어컨텐츠,ETF,228810
TIGER 여행레저,ETF,228800
TIGER 여행레저,ETF,228800
KODEX 글로벌비만치료제TOP2 Plus,ETF,476070
KODEX 글로벌비만치료제TOP2 Plus,ETF,476070
TIGER 코스피대형주,ETF,277640
TIGER 코스피대형주,ETF,277640
TIGER MSCI KOREA ESG유니버설,ETF,289250
TIGER MSCI KOREA ESG유니버설,ETF,289250
