회사명,시장구분,종목코드
케이뱅크,유가,279570
티엠씨,유가,217590
삼성에피스홀딩스,유가,0126Z0
삼양바이오팜,유가,0120G0
명인제약,유가,317450
대한조선,유가,439260
대신밸류리츠,유가,0030R0
달바글로벌,유가,483650
씨케이솔루션,유가,480370
서울보증보험,유가,031210
LG씨엔에스,유가,064400
GS피앤엘,유가,499790
엠앤씨솔루션,유가,484870
KB발해인프라,유가,415640
더본코리아,유가,475560
한화비전,유가,489790
전진건설로봇,유가,079900
HS효성,유가,487570
산일전기,유가,062040
시프트업,유가,462870
신한글로벌액티브리츠,유가,481850
파라다이스,유가,034230
HD현대마린솔루션,유가,443060
SK이터닉스,유가,475150
에이피알,유가,278470
엘앤에프,유가,066970
포스코DX,유가,022100
DS단석,유가,017860
동인기연,유가,111380
에코프로머티,유가,450080
두산로보틱스,유가,454910
STX그린로지스,유가,465770
넥스틸,유가,092790
NICE평가정보,유가,030190
조선내화,유가,462520
비에이치,유가,090460
동국씨엠,유가,460850
동국제강,유가,460860
이수스페셜티케미컬,유가,457190
OCI,유가,456040
SK오션플랜트,유가,100090
삼성FN리츠,유가,448730
현대그린푸드,유가,453340
한화갤러리아,유가,452260
한화리츠,유가,451800
바이오노트,유가,377740
유니드비티플러스,유가,446070
LX세미콘,유가,108320
KB스타리츠,유가,432320
쏘카,유가,403550
수산인더스트리,유가,126720
마스턴프리미어리츠,유가,357430
코람코더원리츠,유가,417310
LG에너지솔루션,유가,373220
신한서부티엔디리츠,유가,404990
미래에셋글로벌리츠,유가,396690
SK스퀘어,유가,402340
NH올원리츠,유가,400760
카카오페이,유가,377300
케이카,유가,381970
HD현대중공업,유가,329180
SK리츠,유가,395400
일진하이솔루스,유가,271940
디앤디플랫폼리츠,유가,377190
아주스틸,유가,139990
롯데렌탈,유가,089860
한컴라이프케어,유가,372910
크래프톤,유가,259960
PI첨단소재,유가,178920
카카오뱅크,유가,323410
에스디바이오센서,유가,137310
엠씨넥스,유가,097520
LX홀딩스,유가,383800
F&F,유가,383220
SK아이이테크놀로지,유가,361610
SK바이오사이언스,유가,302440
화승알앤에이,유가,378850
프레스티지바이오파마,유가,950210
솔루엠,유가,248070
DL이앤씨,유가,375500
ESR켄달스퀘어리츠,유가,365550
명신산업,유가,009900
에이플러스에셋,유가,244920
교촌에프앤비,유가,339770
하이브,유가,352820
티와이홀딩스,유가,363280
코람코라이프인프라리츠,유가,357120
제이알글로벌리츠,유가,348950
미래에셋맵스리츠,유가,357250
이지스레지던스리츠,유가,350520
이지스밸류플러스리츠,유가,334890
에스케이바이오팜,유가,326030
대덕전자,유가,353200
케이씨씨글라스,유가,344820
NH프라임리츠,유가,338100
씨티알모빌리티,유가,308170
HD현대에너지솔루션,유가,322000
한화시스템,유가,272210
자이에스앤디,유가,317400
롯데리츠,유가,330590
지누스,유가,013890
두산퓨얼셀,유가,336260
솔루스첨단소재,유가,336370
콘텐트리중앙,유가,036420
포스코퓨처엠,유가,003670
현대오토에버,유가,307950
드림텍,유가,192650
더블유게임즈,유가,192080
우리금융지주,유가,316140
에어부산,유가,298690
아시아나IDT,유가,267850
세아제강,유가,306200
하나제약,유가,293480
우진아이엔에스,유가,010400
신한알파리츠,유가,293940
한일시멘트,유가,300720
티웨이항공,유가,091810
롯데이노베이트,유가,286940
HS효성첨단소재,유가,298050
효성중공업,유가,298040
효성티앤씨,유가,298020
효성화학,유가,298000
이리츠코크렙,유가,088260
HDC현대산업개발,유가,294870
애경산업,유가,018250
셀트리온,유가,068270
쿠쿠홈시스,유가,284740
SK케미칼,유가,285130
BGF리테일,유가,282330
DYP,유가,092780
진에어,유가,272450
케이씨텍,유가,281820
삼양패키징,유가,272550
테이팩스,유가,055490
롯데웰푸드,유가,280360
제일약품,유가,271980
카카오,유가,035720
오리온,유가,271560
미원에스씨,유가,268280
경동도시가스,유가,267290
넷마블,유가,251270
HD건설기계,유가,267270
HD현대,유가,267250
HD현대일렉트릭,유가,267260
크라운제과,유가,264900
덴티움,유가,145720
호전실업,유가,111110
핸즈코퍼레이션,유가,143210
두산밥캣,유가,241560
삼성바이오로직스,유가,207940
JW생명과학,유가,234080
화승엔터프라이즈,유가,241590
LS에코에너지,유가,229640
스타에스엠리츠,유가,204210
일동제약,유가,249420
샘표식품,유가,248170
두올,유가,016740
동서,유가,026960
한국자산신탁,유가,123890
한국토지신탁,유가,034830
해성디에스,유가,195870
모나용평,유가,070960
해태제과식품,유가,101530
삼일씨엔에스,유가,004440
제이에스코퍼레이션,유가,194370
잇츠한불,유가,226320
세진중공업,유가,075580
금호에이치티,유가,214330
제주항공,유가,089590
현대코퍼레이션홀딩스,유가,227840
LIG넥스원,유가,079550
HDC랩스,유가,039570
동일제강,유가,002690
AJ네트웍스,유가,095570
이노션,유가,214320
토니모리,유가,214420
미래에셋생명,유가,085620
경보제약,유가,214390
SK디앤디,유가,210980
다이나믹디자인,유가,145210
한솔제지,유가,213500
디와이파워,유가,210540
삼성물산,유가,028260
씨에스윈드,유가,112610
삼성에스디에스,유가,018260
HL만도,유가,204320
서연이화,유가,200880
쿠쿠홀딩스,유가,192400
화인베스틸,유가,133820
BGF,유가,027410
코스맥스,유가,192820
종근당,유가,185750
신송홀딩스,유가,006880
아세아시멘트,유가,183190
현대로템,유가,064350
한진칼,유가,180640
NHN,유가,181710
JB금융지주,유가,175330
DSR,유가,155660
동아에스티,유가,170900
지엠비코리아,유가,013870
LG헬로비전,유가,037560
동일고무벨트,유가,163560
한국콜마,유가,161890
한국타이어앤테크놀로지,유가,161390
애경케미칼,유가,161000
사조씨푸드,유가,014710
한국ANKOR유전,유가,152550
휴비스,유가,079980
케이탑리츠,유가,145270
GS리테일,유가,007070
인터지스,유가,129260
삼양사,유가,145990
하나투어,유가,039130
에이블씨엔씨,유가,078520
삼원강재,유가,023000
신세계인터내셔날,유가,031430
에이리츠,유가,140910
한국항공우주,유가,047810
롯데하이마트,유가,071840
한세엠케이,유가,069640
코오롱ENP,유가,138490
이마트,유가,139480
iM금융지주,유가,139130
케이티스카이라이프,유가,053210
메리츠금융지주,유가,138040
한국종합기술,유가,023350
BNK금융지주,유가,138930
롯데에너지머티리얼즈,유가,020150
현대위아,유가,011210
선진,유가,136490
미원화학,유가,134380
시디즈,유가,134790
한화엔진,유가,082740
대성에너지,유가,117580
현대퓨처넷,유가,126560
KTis,유가,058860
한전산업,유가,130660
엘브이엠씨,유가,900140
미스토홀딩스,유가,081660
KTcs,유가,058850
현대홈쇼핑,유가,057050
도화엔지니어링,유가,002150
대성산업,유가,128820
아이마켓코리아,유가,122900
한미약품,유가,128940
우진,유가,105840
무학,유가,033920
이연제약,유가,102460
한국화장품,유가,123690
에스제이엠,유가,123700
HL홀딩스,유가,060980
삼성생명,유가,032830
신세계푸드,유가,031440
한화생명,유가,088350
조선선재,유가,120030
코오롱인더,유가,120110
KC코트렐,유가,119650
지역난방공사,유가,071320
영흥,유가,012160
메타케어,유가,118000
한전기술,유가,052690
GKL,유가,114090
SK,유가,034730
황금에스티,유가,032560
하이트진로,유가,000080
동양생명,유가,082640
유니온머티리얼,유가,047400
형지엘리트,유가,093240
키움증권,유가,039490
영원무역,유가,111770
한미글로벌,유가,053690
동아지질,유가,028100
HD현대마린엔진,유가,071970
LX하우시스,유가,108670
한세실업,유가,105630
주성코퍼레이션,유가,109070
미원홀딩스,유가,107590
NAVER,유가,035420
부국철강,유가,026940
KB금융,유가,105560
한국철강,유가,104700
일진전기,유가,103590
풍산,유가,103140
LG이노텍,유가,011070
명문제약,유가,017180
비상교육,유가,100220
동성케미컬,유가,102260
LG유플러스,유가,032640
인바이오젠,유가,101140
아시아나항공,유가,020560
SNT에너지,유가,100840
진양홀딩스,유가,100250
엔케이,유가,085310
한전KPS,유가,051600
기신정기,유가,092440
KSS해운,유가,044450
효성 ITX,유가,094280
유나이티드,유가,033270
디아이씨,유가,092200
CJ제일제당,유가,097950
팬오션,유가,028670
HJ중공업,유가,097230
JW홀딩스,유가,096760
SK이노베이션,유가,096770
삼성카드,유가,029780
알루코,유가,001780
웅진씽크빅,유가,095720
맵스리얼티,유가,094800
메타랩스,유가,090370
후성,유가,093370
LF,유가,093050
주연테크,유가,044380
코스맥스비티아이,유가,044820
인천도시가스,유가,034590
삼정펄프,유가,009770
KEC,유가,092220
KPX홀딩스,유가,092230
HDC현대EP,유가,089470
노루페인트,유가,090350
아모레퍼시픽,유가,090430
롯데관광개발,유가,032350
평화산업,유가,090080
우진플라임,유가,049800
신세계I&C,유가,035510
진도,유가,088790
맥쿼리인프라,유가,088980
롯데쇼핑,유가,023530
현대글로비스,유가,086280
티비에이치글로벌,유가,084870
하나금융지주,유가,086790
제일연마,유가,001560
현대리바트,유가,079430
대한제강,유가,084010
새론오토모티브,유가,075180
그린케미칼,유가,083420
대상홀딩스,유가,084690
코아스,유가,071950
이월드,유가,084680
동양고속,유가,084670
한미반도체,유가,042700
동일산업,유가,004890
삼호개발,유가,010960
금호타이어,유가,073240
CJ CGV,유가,079160
일진다이아,유가,081000
유니드,유가,014830
상신브레이크,유가,041650
인팩,유가,023810
GS,유가,078930
유니퀘스트,유가,077500
다스코,유가,058730
LG디스플레이,유가,034220
텔코웨어,유가,078000
STX엔진,유가,077970
NICE,유가,034310
대교,유가,019680
기업은행,유가,024110
이엔플러스,유가,074610
한솔홈데코,유가,025750
이수페타시스,유가,007660
강원랜드,유가,035250
YG PLUS,유가,037270
농심홀딩스,유가,072710
한국금융지주,유가,071050
유엔젤,유가,072130
SBS,유가,034120
엔씨소프트,유가,036570
하이스틸,유가,071090
DSR제강,유가,069730
태경케미컬,유가,006890
한농화성,유가,011500
현대백화점,유가,069960
대호에이엘,유가,069460
대웅제약,유가,069620
마니커,유가,027740
SNT홀딩스,유가,036530
티케이지휴켐스,유가,069260
SJG세종,유가,033530
포스코스틸리온,유가,058430
삼성출판사,유가,068290
세이브존I&C,유가,067830
교보증권,유가,030610
한샘,유가,009240
우신시스템,유가,017370
LG전자,유가,066570
콜마홀딩스,유가,024720
SNT모티브,유가,064960
광주신세계,유가,037710
일진디스플,유가,020760
종근당바이오,유가,063160
신한지주,유가,055550
코웨이,유가,021240
세아홀딩스,유가,058650
LG생활건강,유가,051900
LG화학,유가,051910
대우건설,유가,047040
포스코인터내셔널,유가,047050
한화오션,유가,042660
진양화학,유가,051630
두산에너빌리티,유가,034020
한국내화,유가,010040
한세예스24홀딩스,유가,016450
대성홀딩스,유가,016710
대원제약,유가,003220
한국가스공사,유가,036460
미래아이앤지,유가,007120
화천기공,유가,000850
팜스코,유가,036580
케이티앤지,유가,033780
HD한국조선해양,유가,009540
디씨엠,유가,024090
AK홀딩스,유가,006840
HS애드,유가,035000
대한유화,유가,006650
백산,유가,035150
체시스,유가,033250
자화전자,유가,033240
케이티,유가,030200
엑시큐어하이트론,유가,019490
제일기획,유가,030000
스틱인베스트먼트,유가,026890
케이씨,유가,029460
대원화성,유가,024890
E1,유가,017940
SK가스,유가,018670
다우기술,유가,023590
영보화학,유가,014440
SKC,유가,011790
한국주강,유가,025890
디와이덕양,유가,024900
에쓰씨엔지니어링,유가,023960
인지컨트롤스,유가,023800
경동인베스트,유가,012320
아이티센씨티에스,유가,031820
에스제이엠홀딩스,유가,025530
SK하이닉스,유가,000660
INVENI,유가,015360
MH에탄올,유가,023150
동남합성,유가,023450
삼성E&A,유가,028050
신도리코,유가,029530
온타이드,유가,005320
퍼시스,유가,016800
WISCOM,유가,024070
동원수산,유가,030720
미래산업,유가,025560
다올투자증권,유가,030210
HDC,유가,012630
광전자,유가,017900
한국단자공업,유가,025540
디아이,유가,003160
신성이엔지,유가,011930
티에이치엔,유가,019180
한온시스템,유가,018880
블루산업개발,유가,006740
세원정공,유가,021820
유니온,유가,000910
키다리스튜디오,유가,020120
한국제지,유가,027970
한섬,유가,020000
현대엘리베이터,유가,017800
환인제약,유가,016580
계룡건설산업,유가,013580
서원,유가,021050
에스원,유가,012750
태경산업,유가,015890
신대양제지,유가,016590
와이투솔루션,유가,011690
남해화학,유가,025860
동원금속,유가,018500
성안머티리얼스,유가,011300
HMM,유가,011200
경인양행,유가,012610
풀무원,유가,017810
서울도시가스,유가,017390
이구산업,유가,025820
에넥스,유가,011090
에이프로젠,유가,007460
차AI헬스케어,유가,025620
한국카본,유가,017960
KPX케미칼,유가,025000
TP,유가,007980
에스엠벡셀,유가,010580
KC그린홀딩스,유가,009440
문배철강,유가,008420
웅진,유가,016880
HL D&I,유가,014790
오뚜기,유가,007310
일정실업,유가,008500
엘에스일렉트릭,유가,010120
대양금속,유가,009190
이화산업,유가,000760
동원시스템즈,유가,014820
삼성중공업,유가,010140
모토닉,유가,009680
화신,유가,010690
삼화페인트공업,유가,000390
경동나비엔,유가,009450
DB,유가,012030
SGC에너지,유가,005090
대림바스,유가,005750
대한해운,유가,005880
휴니드테크놀러지스,유가,005870
수산세보틱스,유가,017550
롯데케미칼,유가,011170
세아베스틸지주,유가,001430
호텔신라,유가,008770
태경비케이,유가,014580
화승코퍼레이션,유가,013520
신흥,유가,004080
화승인더스트리,유가,006060
극동유화,유가,014530
고려산업,유가,002140
대현,유가,016090
케이비아이동국실업,유가,001620
광명전기,유가,017040
부산산업,유가,011390
STX,유가,011810
고려아연,유가,010130
팜젠사이언스,유가,004720
무림페이퍼,유가,009200
현대차증권,유가,001500
금비,유가,008870
대동전자,유가,008110
원림,유가,005820
서흥,유가,008490
성문전자,유가,014910
HLB글로벌,유가,003580
일진홀딩스,유가,015860
대영포장,유가,014160
영화금속,유가,012280
신풍제약,유가,019170
동성제약,유가,002210
아센디오,유가,012170
한올바이오파마,유가,009420
유니켐,유가,011330
대창,유가,012800
일성건설,유가,013360
까뮤이앤씨,유가,013700
보락,유가,002760
선도전기,유가,007610
씨아이테크,유가,004920
광동제약,유가,009290
갤럭시아에스엠,유가,011420
남성,유가,004270
KISCO홀딩스,유가,001940
태영건설,유가,009410
한국특강,유가,007280
한솔로지스틱스,유가,009180
삼양통상,유가,002170
SK텔레콤,유가,017670
진양폴리우레탄,유가,010640
미창석유공업,유가,003650
삼익THK,유가,004380
미원상사,유가,002840
서연,유가,007860
세우글로벌,유가,013000
현대모비스,유가,012330
KG케미칼,유가,001390
아진전자부품,유가,009320
현대해상,유가,001450
현대지에프홀딩스,유가,005440
한국전력공사,유가,015760
국도화학,유가,007690
녹십자,유가,006280
SIMPAC,유가,009160
윌비스,유가,008600
대창단조,유가,015230
사조산업,유가,007160
한익스프레스,유가,014130
사조동아원,유가,008040
경인전자,유가,009140
무림P&P,유가,009580
인디에프,유가,014990
디와이,유가,013570
방림,유가,003610
DKME,유가,015590
한솔케미칼,유가,014680
퍼스텍,유가,010820
동원산업,유가,006040
대덕,유가,008060
한성기업,유가,003680
이스타코,유가,015020
태림포장,유가,011280
아세아제지,유가,002310
화천기계,유가,010660
CJ씨푸드,유가,011150
SHD,유가,001770
조일알미늄,유가,018470
에스엘,유가,005850
영원무역홀딩스,유가,009970
더존비즈온,유가,012510
보령,유가,003850
이건산업,유가,008250
모나리자,유가,012690
대구백화점,유가,006370
우성,유가,006980
유성기업,유가,002920
한일철강,유가,002220
삼익악기,유가,002450
HS화성,유가,002460
DN오토모티브,유가,007340
보해양조,유가,000890
상상인증권,유가,001290
혜인,유가,003010
금강공업,유가,014280
플레이그램,유가,009810
율촌화학,유가,008730
신원,유가,009270
동방,유가,004140
한국쉘석유,유가,002960
부광약품,유가,003000
풍산홀딩스,유가,005810
부국증권,유가,001270
계양전기,유가,012200
한솔테크닉스,유가,004710
DB증권,유가,016610
한미사이언스,유가,008930
삼진제약,유가,005500
POSCO홀딩스,유가,005490
범양건영,유가,002410
파미셀,유가,005690
동국홀딩스,유가,001230
대원전선,유가,006340
이수화학,유가,005950
삼성증권,유가,016360
삼영무역,유가,002810
한양증권,유가,001750
금호석유화학,유가,011780
유안타증권,유가,003470
제일파마홀딩스,유가,002620
에이엔피,유가,015260
한창제지,유가,009460
넥센,유가,005720
삼성공조,유가,006660
세방전지,유가,004490
진원생명과학,유가,011000
참엔지니어링,유가,009310
한국무브넥스,유가,010100
코스모신소재,유가,005070
덕성,유가,004830
신영증권,유가,001720
유진증권,유가,001200
유화증권,유가,003460
한신기계공업,유가,011700
코스모화학,유가,005420
가온전선,유가,000500
S-Oil,유가,010950
한화에어로스페이스,유가,012450
삼화전자공업,유가,011230
현대제철,유가,004020
써니전자,유가,004770
현대비앤지스틸,유가,004560
사조오양,유가,006090
한화투자증권,유가,003530
삼화전기,유가,009470
SK증권,유가,001510
평화홀딩스,유가,010770
일신석재,유가,007110
KG스틸,유가,016380
아이에스동서,유가,010780
SH에너지화학,유가,002360
대한화섬,유가,003830
코리아써키트,유가,007810
신세계,유가,004170
OCI홀딩스,유가,010060
삼일제약,유가,000520
인스코비,유가,006490
일성아이에스,유가,003120
현대건설,유가,000720
TCC스틸,유가,002710
에이프로젠바이오로직스,유가,003060
F&F 홀딩스,유가,007700
아남전자,유가,008700
GS건설,유가,006360
삼아알미늄,유가,006110
한국전자홀딩스,유가,006200
삼성SDI,유가,006400
삼성전기,유가,009150
동부건설,유가,005960
케이씨티시,유가,009070
코오롱글로벌,유가,003070
빙그레,유가,005180
녹십자홀딩스,유가,005250
시알홀딩스,유가,000480
현대약품,유가,004310
남양유업,유가,003920
남선알미늄,유가,008350
한국화장품제조,유가,003350
현대코퍼레이션,유가,011760
LS,유가,006260
SK네트웍스,유가,001740
경농,유가,002100
티웨이홀딩스,유가,004870
동방아그로,유가,007590
송원산업,유가,004430
진흥기업,유가,002780
한국석유공업,유가,004090
천일고속,유가,000650
대원강업,유가,000430
만호제강,유가,001080
조광피혁,유가,004700
세방,유가,004360
KBI동양철관,유가,008970
대유에이텍,유가,002880
남광토건,유가,001260
삼영전자공업,유가,005680
신영와코루,유가,005800
오리엔트바이오,유가,002630
조비,유가,001550
한국공항,유가,005430
조광페인트,유가,004910
SB성보,유가,003080
삼천리,유가,004690
조흥,유가,002600
금양,유가,001570
사조대림,유가,003960
비비안,유가,002070
SNT다이내믹스,유가,003570
한신공영,유가,004960
농심,유가,004370
삼영,유가,003720
성신양회,유가,004980
신라교역,유가,004970
신풍,유가,002870
종근당홀딩스,유가,001630
크라운해태홀딩스,유가,005740
한독,유가,002390
SG글로벌,유가,001380
SK디스커버리,유가,006120
샘표,유가,007540
흥아해운,유가,003280
GS글로벌,유가,001250
금호건설,유가,002990
삼부토건,유가,001470
삼화콘덴서공업,유가,001820
페이퍼코리아,유가,001020
동양,유가,001520
한화,유가,000880
JW중외제약,유가,001060
영풍,유가,000670
PKC,유가,001340
성창기업지주,유가,000180
한창,유가,005110
삼화왕관,유가,004450
KR모터스,유가,000040
고려제강,유가,002240
태양금속공업,유가,004100
SUN&L,유가,002820
DRB동일,유가,004840
넥센타이어,유가,002350
SG세계물산,유가,004060
롯데정밀화학,유가,004000
동화약품,유가,000020
DL,유가,000210
LX인터내셔널,유가,001120
국제약품,유가,002720
태광산업,유가,003240
부산주공,유가,005030
CS홀딩스,유가,000590
DB하이텍,유가,000990
대림통상,유가,006570
유유제약,유가,000220
강남제비스코,유가,000860
대신증권,유가,003540
NH투자증권,유가,005940
미래에셋증권,유가,006800
신일전자,유가,002700
삼성제약,유가,001360
삼성화재해상보험,유가,000810
삼양식품,유가,003230
한화손해보험,유가,000370
NI스틸,유가,008260
일동홀딩스,유가,000230
대동,유가,000490
오리온홀딩스,유가,001800
깨끗한나라,유가,004540
태원물산,유가,001420
코오롱,유가,002020
삼성전자,유가,005930
DH오토넥스,유가,000300
BYC,유가,001460
KG모빌리티,유가,003620
SPC삼립,유가,005610
흥국화재,유가,000540
일양약품,유가,007570
한진,유가,002320
한국수출포장공업,유가,002200
현대자동차,유가,005380
모나미,유가,005360
한화솔루션,유가,009830
아세아,유가,002030
카프로,유가,006380
롯데지주,유가,004990
대한방직,유가,001070
서울식품공업,유가,004410
LS네트웍스,유가,000680
금호전기,유가,001210
하이트진로홀딩스,유가,000140
노루홀딩스,유가,000320
기아,유가,000270
효성,유가,004800
CJ,유가,001040
두산,유가,000150
휴스틸,유가,005010
DB손해보험,유가,005830
TYM,유가,002900
대웅,유가,003090
진양산업,유가,003780
영진약품,유가,003520
케이씨씨,유가,002380
롯데칠성음료,유가,005300
일신방직,유가,003200
아모레퍼시픽홀딩스,유가,002790
제주은행,유가,006220
한솔홀딩스,유가,004150
벽산,유가,007210
롯데손해보험,유가,000400
대한제분,유가,001130
대상,유가,001680
LG,유가,003550
동아쏘시오홀딩스,유가,000640
코리안리,유가,003690
한국주철관공업,유가,000970
한일홀딩스,유가,003300
엔피씨,유가,004250
세아제강지주,유가,003030
대한전선,유가,001440
대한제당,유가,001790
삼양홀딩스,유가,000070
세기상사,유가,002420
한국앤컴퍼니,유가,000240
전방,유가,000950
대한항공,유가,003490
디아이동일,유가,001530
유한양행,유가,000100
CJ대한통운,유가,000120
경방,유가,000050
유수홀딩스,유가,000700
한진중공업홀딩스,유가,003480
엔더블유시,코넥스,059180
아이엘로보틱스,코넥스,403810
본시스템즈,코넥스,496320
오션스바이오,코넥스,332190
유비씨,코넥스,495810
창대정밀,코넥스,368030
타조이엔터테인먼트,코넥스,476710
팡스카이,코넥스,266350
세븐브로이맥주,코넥스,267080
프로젠,코넥스,296160
미쥬,코넥스,351020
바이오텐,코넥스,289170
에피바이오텍,코넥스,446440
아이엠지티,코넥스,456570
가이아코퍼레이션,코넥스,296520
큐라켐,코넥스,456190
태양3C,코넥스,052960
아이오바이오,코넥스,447690
타이드,코넥스,346010
마이크로엔엑스,코넥스,448780
애니메디솔루션,코넥스,390110
아하,코넥스,102950
인터로이드,코넥스,311960
탈로스,코넥스,434190
티엘엔지니어링,코넥스,413300
퓨쳐메디신,코넥스,341170
바스칸바이오제약,코넥스,354390
코나솔,코넥스,176590
코스텍시스템,코넥스,169670
라피치,코넥스,403360
제이엠멀티,코넥스,254160
켈스,코넥스,402420
타임기술,코넥스,318660
이성씨엔아이,코넥스,379390
나우코스,코넥스,257990
루트락,코넥스,253610
원포유,코넥스,122830
바이오인프라생명과학,코넥스,266470
무진메디,코넥스,322970
엔에스엠,코넥스,238170
노드메이슨,코넥스,317860
타스컴,코넥스,336040
진코스텍,코넥스,250030
유엑스엔,코넥스,337840
한국미라클피플사,코넥스,331660
엔지브이아이,코넥스,093510
아퓨어스,코넥스,149300
펨토바이오메드,코넥스,327610
이노벡스,코넥스,279060
엘에이티,코넥스,311060
에이펙스인텍,코넥스,207490
엔솔바이오사이언스,코넥스,140610
더콘텐츠온,코넥스,302920
테크트랜스,코넥스,258050
엘리비젼,코넥스,276240
지앤이헬스케어,코넥스,299480
에스제이켐,코넥스,217910
씨알푸드,코넥스,236030
EMB,코넥스,278990
탑선,코넥스,180060
SK시그넷,코넥스,260870
루켄테크놀러지스,코넥스,162120
메디안디노스틱,코넥스,233250
에스알바이오텍,코넥스,270210
레드우즈,코넥스,266170
도부,코넥스,227420
바이오프로테크,코넥스,199290
아이티센코어,코넥스,243870
안지오랩,코넥스,251280
블루탑,코넥스,191600
오건에코텍,코넥스,212310
제노텍,코넥스,066830
씨앤에스링크,코넥스,245450
이비테크,코넥스,208850
나눔테크,코넥스,244880
KC산업,코넥스,112190
로보쓰리에이아이,코넥스,238500
메디젠휴먼케어,코넥스,236340
볼빅,코넥스,206950
이엠티,코넥스,232530
질경이,코넥스,233990
크로넥스,코넥스,215570
에이원알폼,코넥스,234070
파마리서치바이오,코넥스,217950
럭스피아,코넥스,092590
노브메타파마,코넥스,229500
엄지하우스,코넥스,224810
메디쎄이,코넥스,200580
엔에스컴퍼니,코넥스,224760
플럼라인생명과학,코넥스,222670
광동헬스바이오,코넥스,086220
로지스몬,코넥스,223220
인바이츠바이오코아,코넥스,216400
씨앗,코넥스,103660
틸론,코넥스,217880
지에이이노더스,코넥스,076340
썬테크,코넥스,217320
미래엔에듀파트너,코넥스,208890
아이케이세미콘,코넥스,149010
유니포인트,코넥스,121060
판도라티비,코넥스,202960
큐엠씨,코넥스,136660
데이터스트림즈,코넥스,199150
위월드,코넥스,140660
코셋,코넥스,189350
대동고려삼,코넥스,178600
수프로,코넥스,185190
대주이엔티,코넥스,114920
머니무브,코넥스,179720
태양기계,코넥스,116100
액스비스,코스닥,0011A0
에스팀,코스닥,458350
덕양에너젠,코스닥,0001A0
삼성스팩13호,코스닥,0115H0
엔비알모션,코스닥,0004V0
지에프아이,코스닥,493330
삼미금속,코스닥,012210
세미파이브,코스닥,490470
리브스메드,코스닥,491000
미래에셋비전스팩10호,코스닥,0097F0
미래에셋비전스팩11호,코스닥,0099W0
삼진식품,코스닥,0013V0
하나36호스팩,코스닥,0101C0
IBKS제25호스팩,코스닥,0099X0
알지노믹스,코스닥,476830
나라스페이스테크놀로지,코스닥,478340
아크릴,코스닥,0007C0
메리츠제1호스팩,코스닥,0088D0
교보19호스팩,코스닥,0098T0
쿼드메디슨,코스닥,464490
키움히어로제1호스팩,코스닥,466690
유진스팩12호,코스닥,0105P0
이지스,코스닥,261520
페스카로,코스닥,0015S0
테라뷰,코스닥,950250
엔에이치스팩32호,코스닥,0054V0
에임드바이오,코스닥,0009K0
미래에셋비전스팩9호,코스닥,0096D0
삼성스팩12호,코스닥,0096B0
미래에셋비전스팩8호,코스닥,0093G0
아로마티카,코스닥,0015N0
신영스팩11호,코스닥,0091W0
비엔케이제3호스팩,코스닥,0068Y0
비츠로넥스텍,코스닥,488900
씨엠티엑스,코스닥,388210
더핑크퐁컴퍼니,코스닥,403850
그린광학,코스닥,0015G0
알트,코스닥,459550
세나테크놀로지,코스닥,061090
큐리오시스,코스닥,494120
이노테크,코스닥,469610
노타,코스닥,486990
삼익제약,코스닥,014950
KB제33호스팩,코스닥,0072Z0
삼성스팩11호,코스닥,0071M0
에스투더블유,코스닥,488280
오아,코스닥,342870
그래피,코스닥,318060
애드포러스,코스닥,397810
삼성스팩10호,코스닥,0044K0
제이피아이헬스케어,코스닥,0010V0
한라캐스트,코스닥,125490
에스엔시스,코스닥,0008Z0
삼양컴텍,코스닥,484590
교보18호스팩,코스닥,0041B0
지투지바이오,코스닥,456160
아이티켐,코스닥,309710
하나35호스팩,코스닥,0041L0
프로티나,코스닥,468530
엔알비,코스닥,475230
뉴로핏,코스닥,380550
도우인시스,코스닥,484120
디비금융제14호스팩,코스닥,0004Y0
엘에스스팩1호,코스닥,0041J0
아우토크립트,코스닥,331740
뉴키즈온,코스닥,462310
싸이닉솔루션,코스닥,234030
KB제32호스팩,코스닥,0037T0
뉴엔AI,코스닥,463020
지에프씨생명과학,코스닥,388610
케이지에이,코스닥,455180
지씨지놈,코스닥,340450
링크솔루션,코스닥,474650
키스트론,코스닥,475430
신한제16호스팩,코스닥,496070
인투셀,코스닥,287840
바이오비쥬,코스닥,489460
이뮨온시아,코스닥,424870
바이오포트,코스닥,188040
티씨머티리얼즈,코스닥,125020
로킷헬스케어,코스닥,376900
오가노이드사이언스,코스닥,476040
원일티엔아이,코스닥,136150
나우로보틱스,코스닥,459510
에이아이코리아,코스닥,364950
쎄크,코스닥,081180
한국피아이엠,코스닥,448900
에이유브랜즈,코스닥,481070
우양에이치씨,코스닥,101970
더즌,코스닥,462860
심플랫폼,코스닥,444530
티엑스알로보틱스,코스닥,484810
한텍,코스닥,098070
한화플러스제5호스팩,코스닥,498390
에스엠씨지,코스닥,460870
엠디바이스,코스닥,226590
대진첨단소재,코스닥,393970
에르코스,코스닥,435570
엘케이켐,코스닥,489500
위너스,코스닥,479960
모티브링크,코스닥,463480
동국생명과학,코스닥,303810
오름테라퓨틱,코스닥,475830
동방메디컬,코스닥,240550
아이에스티이,코스닥,212710
아이지넷,코스닥,462980
피아이이,코스닥,452450
삼양엔씨켐,코스닥,482630
데이원컴퍼니,코스닥,373160
아스테라시스,코스닥,450950
와이즈넛,코스닥,096250
미트박스,코스닥,475460
유안타제17호스팩,코스닥,493790
블랙야크아이앤씨,코스닥,478560
엠에프씨,코스닥,432980
파인메딕스,코스닥,387570
쓰리에이로직스,코스닥,177900
신한제14호스팩,코스닥,487360
듀켐바이오,코스닥,176750
키움제10호스팩,코스닥,487720
에스지헬스케어,코스닥,398120
온코닉테라퓨틱스,코스닥,476060
온코크로스,코스닥,382150
벡트,코스닥,457600
셀로맥스사이언스,코스닥,471820
KB제31호스팩,코스닥,492220
키움제11호스팩,코스닥,489480
디비금융제13호스팩,코스닥,489730
교보17호스팩,코스닥,489210
대신밸런스제19호스팩,코스닥,482690
위츠,코스닥,459100
유디엠텍,코스닥,389680
RF시스템즈,코스닥,474610
사이냅소프트,코스닥,466410
하나34호스팩,코스닥,484130
에스켐,코스닥,475660
엠오티,코스닥,413390
신한제15호스팩,코스닥,487830
쓰리빌리언,코스닥,394800
닷밀,코스닥,464580
노머스,코스닥,473980
에어레인,코스닥,163280
토모큐브,코스닥,475960
HEM파마,코스닥,376270
에이럭스,코스닥,475580
탑런토탈솔루션,코스닥,336680
성우,코스닥,458650
유진스팩11호,코스닥,488060
클로봇,코스닥,466100
에이치엔에스하이텍,코스닥,044990
웨이비스,코스닥,289930
씨메스,코스닥,475400
한켐,코스닥,457370
루미르,코스닥,474170
와이제이링크,코스닥,209640
인스피언,코스닥,465480
셀비온,코스닥,308430
제닉스로보틱스,코스닥,381620
차이커뮤니케이션,코스닥,351870
KB제30호스팩,코스닥,486630
아이언디바이스,코스닥,464500
미래에셋비전스팩7호,코스닥,482680
아이비젼웍스,코스닥,469750
아이스크림미디어,코스닥,461300
이엔셀,코스닥,456070
M83,코스닥,476080
티디에스팜,코스닥,464280
넥스트바이오메디컬,코스닥,389650
케이쓰리아이,코스닥,431190
유라클,코스닥,088340
교보16호스팩,코스닥,482520
뱅크웨어글로벌,코스닥,199480
아이빔테크놀로지,코스닥,460470
피앤에스로보틱스,코스닥,460940
엔에이치스팩31호,코스닥,481890
SK증권제13호스팩,코스닥,473950
엑셀세라퓨틱스,코스닥,373110
이베스트스팩6호,코스닥,478110
하스,코스닥,450330
이노스페이스,코스닥,462350
에이치브이엠,코스닥,295310
하이젠알앤엠,코스닥,160190
한국제15호스팩,코스닥,479880
에스오에스랩,코스닥,464080
미래에셋비전스팩6호,코스닥,478440
에이치엠씨제7호스팩,코스닥,477340
한중엔시에스,코스닥,107640
KB제29호스팩,코스닥,478390
미래에셋비전스팩5호,코스닥,477470
씨어스테크놀로지,코스닥,458870
디비금융스팩12호,코스닥,477760
라메디텍,코스닥,462510
그리드위즈,코스닥,453450
다원넥스뷰,코스닥,323350
미래에셋비전스팩4호,코스닥,477380
노브랜드,코스닥,145170
아이씨티케이,코스닥,456010
SK증권제12호스팩,코스닥,473000
코칩,코스닥,126730
민테크,코스닥,452200
카티스,코스닥,140430
디앤디파마텍,코스닥,347850
유안타제16호스팩,코스닥,474490
제일엠앤에스,코스닥,412540
삐아,코스닥,451250
하나33호스팩,코스닥,475250
신한제13호스팩,코스닥,474930
신한제12호스팩,코스닥,474660
아이엠비디엑스,코스닥,461030
하나32호스팩,코스닥,475240
엔젤로보틱스,코스닥,455900
제이투케이바이오,코스닥,420570
삼현,코스닥,437730
오상헬스케어,코스닥,036220
케이엔알시스템,코스닥,199430
비엔케이제2호스팩,코스닥,473370
하나31호스팩,코스닥,469900
SK증권제11호스팩,코스닥,472230
유안타제15호스팩,코스닥,473050
유진스팩10호,코스닥,468760
E8,코스닥,418620
코셈,코스닥,360350
케이웨더,코스닥,068100
사피엔반도체,코스닥,452430
에스피소프트,코스닥,443670
스튜디오삼익,코스닥,415380
신영스팩10호,코스닥,472220
폰드그룹,코스닥,472850
IBKS제24호스팩,코스닥,469480
레이저옵텍,코스닥,199550
이닉스,코스닥,452400
포스뱅크,코스닥,105760
현대힘스,코스닥,460930
HB인베스트먼트,코스닥,440290
드림인사이트,코스닥,362990
대신밸런스제17호스팩,코스닥,471050
우진엔텍,코스닥,457550
한빛레이저,코스닥,452190
IBKS제23호스팩,코스닥,467930
하나30호스팩,코스닥,469880
씨싸이트,코스닥,109670
블루엠텍,코스닥,439580
LS머트리얼즈,코스닥,417200
케이엔에스,코스닥,432470
교보15호스팩,코스닥,465320
와이바이오로직스,코스닥,338840
에이텀,코스닥,355690
엔에이치스팩30호,코스닥,466910
에이에스텍,코스닥,453860
그린리소스,코스닥,402490
제이엔비,코스닥,452160
한선엔지니어링,코스닥,452280
에코아이,코스닥,448280
스톰테크,코스닥,352090
캡스톤파트너스,코스닥,452300
에스와이스틸텍,코스닥,365330
에이직랜드,코스닥,445090
한국제13호스팩,코스닥,464440
메가터치,코스닥,446540
비아이매트릭스,코스닥,413640
컨텍,코스닥,451760
큐로셀,코스닥,372320
쏘닉스,코스닥,088280
KB제27호스팩,코스닥,464680
세니젠,코스닥,188260
파라택시스이더리움,코스닥,290560
유진테크놀로지,코스닥,240600
유투바이오,코스닥,221800
퀄리타스반도체,코스닥,432720
워트,코스닥,396470
에스엘에스바이오,코스닥,246250
신성에스티,코스닥,416180
퓨릿,코스닥,445180
에이치엠씨제6호스팩,코스닥,462020
아이엠티,코스닥,451220
레뷰코퍼레이션,코스닥,443250
신한제11호스팩,코스닥,452980
한싹,코스닥,430690
KT밀리의서재,코스닥,418470
인스웨이브,코스닥,450520
우듬지팜,코스닥,403490
코어라인소프트,코스닥,384470
상상인제4호스팩,코스닥,452670
율촌,코스닥,146060
한화플러스제4호스팩,코스닥,455310
대신밸런스제16호스팩,코스닥,457630
유안타제11호스팩,코스닥,444920
크라우드웍스,코스닥,355390
한국제12호스팩,코스닥,458610
시큐레터,코스닥,418250
스마트레이더시스템,코스닥,424960
캔버스엔,코스닥,210120
SK증권제10호스팩,코스닥,457940
코츠테크놀로지,코스닥,448710
큐리옥스바이오시스템즈,코스닥,445680
파두,코스닥,440110
엠아이큐브솔루션,코스닥,373170
시지트로닉스,코스닥,429270
에이엘티,코스닥,172670
파로스아이바이오,코스닥,388870
버넥트,코스닥,438700
뷰티스킨,코스닥,406820
와이랩,코스닥,432430
센서뷰,코스닥,321370
필에너지,코스닥,378340
이노시뮬레이션,코스닥,274400
알멕,코스닥,354320
오픈놀,코스닥,440320
아이티센피엔에스,코스닥,232830
엔에이치스팩29호,코스닥,451700
프로티아,코스닥,303360
큐라티스,코스닥,348080
마녀공장,코스닥,439090
나라셀라,코스닥,405920
진영,코스닥,285800
기가비스,코스닥,420770
팸텍,코스닥,271830
모니터랩,코스닥,434480
시선AI,코스닥,340810
지슨,코스닥,446840
트루엔,코스닥,417790
에스바이오메딕스,코스닥,304360
슈어소프트테크,코스닥,298830
토마토시스템,코스닥,393210
마이크로투나노,코스닥,424980
셀바이오휴먼텍,코스닥,318160
지아이이노베이션,코스닥,358570
LB인베스트먼트,코스닥,309960
엑스게이트,코스닥,356680
금양그린파워,코스닥,282720
라온텍,코스닥,418420
자람테크놀로지,코스닥,389020
나노팀,코스닥,417010
바이오인프라,코스닥,199730
이노진,코스닥,344860
화인써키트,코스닥,127980
제이오,코스닥,418550
샌즈랩,코스닥,411080
꿈비,코스닥,407400
스튜디오미르,코스닥,408900
삼기에너지솔루션즈,코스닥,419050
오브젠,코스닥,417860
미래반도체,코스닥,254490
티이엠씨,코스닥,425040
한주라이트메탈,코스닥,198940
옵티코어,코스닥,380540
신스틸,코스닥,162300
핑거스토리,코스닥,417180
SAMG엔터,코스닥,419530
펨트론,코스닥,168360
인벤티지랩,코스닥,389470
엔젯,코스닥,419080
유비온,코스닥,084440
티쓰리,코스닥,204610
티에프이,코스닥,425420
윤성에프앤씨,코스닥,372170
디티앤씨알오,코스닥,383930
뉴로메카,코스닥,348340
제이아이테크,코스닥,417500
큐알티,코스닥,405100
저스템,코스닥,417840
산돌,코스닥,419120
플라즈맵,코스닥,405000
핀텔,코스닥,291810
샤페론,코스닥,378800
비스토스,코스닥,419540
탑머티리얼,코스닥,360070
에스비비테크,코스닥,389500
오에스피,코스닥,368970
모델솔루션,코스닥,417970
이노룰스,코스닥,296640
파인엠텍,코스닥,441270
선바이오,코스닥,067370
더블유씨피,코스닥,393890
알피바이오,코스닥,314140
오픈엣지테크놀로지,코스닥,394280
대성하이텍,코스닥,129920
에이치와이티씨,코스닥,148930
새빗켐,코스닥,107600
아이씨에이치,코스닥,368600
성일하이텍,코스닥,365340
에이프릴바이오,코스닥,397030
벨로크,코스닥,424760
루닛,코스닥,328130
HPSP,코스닥,403870
와이씨켐,코스닥,112290
코난테크놀로지,코스닥,402030
넥스트칩,코스닥,396270
레이저쎌,코스닥,412350
보로노이,코스닥,310210
위니아에이드,코스닥,377460
비큐AI,코스닥,148780
범한퓨얼셀,코스닥,382900
청담글로벌,코스닥,362320
가온칩스,코스닥,399720
대명에너지,코스닥,389260
포바이포,코스닥,389140
지투파워,코스닥,388050
씨피시스템,코스닥,413630
세아메카닉스,코스닥,396300
공구우먼,코스닥,366030
유일로보틱스,코스닥,388720
모아데이타,코스닥,288980
메쎄이상,코스닥,408920
노을,코스닥,376930
비씨엔씨,코스닥,146320
풍원정밀,코스닥,371950
스톤브릿지벤처스,코스닥,330730
브이씨,코스닥,365900
퓨런티어,코스닥,370090
바이오에프디엔씨,코스닥,251120
인카금융서비스,코스닥,211050
나래나노텍,코스닥,137080
아셈스,코스닥,136410
스코넥,코스닥,276040
이지트로닉스,코스닥,377330
애드바이오텍,코스닥,179530
케이옥션,코스닥,102370
오토앤,코스닥,353590
아티스트스튜디오,코스닥,200350
툴젠,코스닥,199800
마음AI,코스닥,377480
알비더블유,코스닥,361570
NPX,코스닥,222160
트윔,코스닥,290090
아이티아이즈,코스닥,372800
지오엘리먼트,코스닥,311320
SKAI,코스닥,357880
디어유,코스닥,376300
지니너스,코스닥,389030
피코그램,코스닥,376180
엔켐,코스닥,348370
리파인,코스닥,377450
지앤비에스 에코,코스닥,382800
아이패밀리에스씨,코스닥,114840
차백신연구소,코스닥,261780
지아이텍,코스닥,382480
코닉오토메이션,코스닥,391710
씨유테크,코스닥,376290
아스플로,코스닥,159010
원준,코스닥,382840
실리콘투,코스닥,257720
에스앤디,코스닥,260970
프롬바이오,코스닥,377220
바이오플러스,코스닥,099430
와이엠텍,코스닥,273640
에이비온,코스닥,203400
라이콤,코스닥,388790
바이젠셀,코스닥,308080
브레인즈컴퍼니,코스닥,099390
딥노이드,코스닥,315640
엠로,코스닥,058970
플래티어,코스닥,367000
원티드랩,코스닥,376980
HK이노엔,코스닥,195940
에브리봇,코스닥,270660
비트맥스,코스닥,377030
큐라클,코스닥,365270
오비고,코스닥,352910
아모센스,코스닥,357580
이노뎁,코스닥,303530
라온로보틱스,코스닥,232680
현대ADM,코스닥,187660
에코프로에이치엔,코스닥,383310
진시스템,코스닥,363250
한울앤제주,코스닥,276730
삼영에스앤씨,코스닥,361670
샘씨엔에스,코스닥,252990
씨앤씨인터내셔널,코스닥,352480
에이치피오,코스닥,357230
쿠콘,코스닥,294570
이삭엔지니어링,코스닥,351330
해성에어로보틱스,코스닥,059270
엔시스,코스닥,333620
자이언트스텝,코스닥,289220
제노코,코스닥,361390
스피어,코스닥,347700
바이오다인,코스닥,314930
네오이뮨텍,코스닥,950220
싸이버원,코스닥,356890
프레스티지바이오로직스,코스닥,334970
나노씨엠에스,코스닥,247660
뷰노,코스닥,338220
엑스플러스,코스닥,373200
유일에너테크,코스닥,340930
씨이랩,코스닥,189330
오로스테크놀로지,코스닥,322310
피엔에이치테크,코스닥,239890
모비데이즈,코스닥,363260
아이퀘스트,코스닥,262840
레인보우로보틱스,코스닥,277810
아티스트컴퍼니,코스닥,321820
핑거,코스닥,163730
모비릭스,코스닥,348030
씨앤투스,코스닥,352700
선진뷰티사이언스,코스닥,086710
엔비티,코스닥,236810
파이버프로,코스닥,368770
블리츠웨이엔터테인먼트,코스닥,369370
석경에이티,코스닥,357550
지놈앤컴퍼니,코스닥,314130
프리시젼바이오,코스닥,335810
알체라,코스닥,347860
하이딥,코스닥,365590
에프앤가이드,코스닥,064850
티엘비,코스닥,356860
인바이오,코스닥,352940
엔젠바이오,코스닥,354200
퀀타매트릭스,코스닥,317690
셀레스트라,코스닥,352770
포인트모바일,코스닥,318020
앱코,코스닥,129890
엔에프씨,코스닥,265740
제일일렉트릭,코스닥,199820
하나기술,코스닥,299030
티앤엘,코스닥,340570
고바이오랩,코스닥,348150
네패스아크,코스닥,330860
소룩스,코스닥,290690
위드텍,코스닥,348350
센코,코스닥,347000
바이브컴퍼니,코스닥,301300
롤링스톤,코스닥,214610
피플바이오,코스닥,304840
넥스틴,코스닥,348210
케이엔솔,코스닥,053080
비나텍,코스닥,126340
씨엔알리서치,코스닥,359090
박셀바이오,코스닥,323990
비비씨,코스닥,318410
코스텍시스,코스닥,355150
핌스,코스닥,347770
압타머사이언스,코스닥,291650
이오플로우,코스닥,294090
카카오게임즈,코스닥,293490
피엔케이피부임상연구센타,코스닥,347740
아이디피,코스닥,332370
셀레믹스,코스닥,331920
고스트스튜디오,코스닥,950190
젝시믹스,코스닥,337930
영림원소프트랩,코스닥,060850
한국파마,코스닥,032300
솔브레인,코스닥,357780
PS일렉트로닉스,코스닥,332570
에코앤드림,코스닥,101360
엠투아이,코스닥,347890
더네이쳐홀딩스,코스닥,298540
제놀루션,코스닥,225220
솔트룩스,코스닥,304100
티에스아이,코스닥,277880
에이프로,코스닥,262260
소마젠,코스닥,950200
신도기연,코스닥,290520
위더스제약,코스닥,330350
엠브레인,코스닥,169330
젠큐릭스,코스닥,229000
HB솔루션,코스닥,297890
넥사다이내믹스,코스닥,351320
에스씨엠생명과학,코스닥,298060
휴럼,코스닥,353190
이지바이오,코스닥,353810
드림씨아이에스,코스닥,223250
캐프,코스닥,198080
플레이디,코스닥,237820
서울바이오시스,코스닥,092190
제이앤티씨,코스닥,204270
켄코아에어로스페이스,코스닥,274090
레몬,코스닥,294140
서남,코스닥,294630
위세아이텍,코스닥,065370
세림B&G,코스닥,340440
CJ 바이오사이언스,코스닥,311690
한국첨단소재,코스닥,062970
RF머트리얼즈,코스닥,327260
아이비김영,코스닥,339950
파라택시스코리아,코스닥,288330
다보링크,코스닥,340360
메드팩토,코스닥,235980
원텍,코스닥,336570
신테카바이오,코스닥,226330
제이엘케이,코스닥,322510
태웅로직스,코스닥,124560
윙스풋,코스닥,335870
리메드,코스닥,302550
웨이버스,코스닥,336060
HLB바이오스텝,코스닥,278650
티움바이오,코스닥,321550
씨에스베어링,코스닥,297090
우양,코스닥,103840
코리아에셋투자증권,코스닥,190650
에스제이그룹,코스닥,306040
제테마,코스닥,216080
라파스,코스닥,214260
아이티엠반도체,코스닥,084850
일승,코스닥,333430
미디어젠,코스닥,279600
LS티라유텍,코스닥,322180
모코엠시스,코스닥,333050
밸로프,코스닥,331520
캐리소프트,코스닥,317530
케이엔제이,코스닥,272110
엔바이오니아,코스닥,317870
팜스빌,코스닥,318010
라온피플,코스닥,300120
아톤,코스닥,158430
녹십자웰빙,코스닥,234690
누보,코스닥,332290
포커스에이아이,코스닥,331380
올리패스,코스닥,244460
라닉스,코스닥,317120
한울반도체,코스닥,320000
한독크린텍,코스닥,256150
네오크레마,코스닥,311390
마니커에프앤지,코스닥,195500
솔트웨어,코스닥,328380
나노실리칸첨단소재,코스닥,286750
에스피시스템스,코스닥,317830
레이,코스닥,228670
그린플러스,코스닥,186230
코윈테크,코스닥,282880
덕산테코피아,코스닥,317330
KBG,코스닥,318000
엑스페릭스,코스닥,317770
세경하이테크,코스닥,148150
캐리,코스닥,313760
대모,코스닥,317850
에이스토리,코스닥,241840
플리토,코스닥,300080
헥토파이낸셜,코스닥,234340
아이스크림에듀,코스닥,289010
펌텍코리아,코스닥,251970
에이에프더블류,코스닥,312610
태성,코스닥,323280
압타바이오,코스닥,293780
형지글로벌,코스닥,308100
마이크로디지탈,코스닥,305090
코퍼스코리아,코스닥,322780
프로이천,코스닥,321260
수젠텍,코스닥,253840
컴퍼니케이,코스닥,307930
피에스케이,코스닥,319660
현대무벡스,코스닥,319400
TS트릴리온,코스닥,317240
아모그린텍,코스닥,125210
지노믹트리,코스닥,228760
이지케어텍,코스닥,099750
미래에셋벤처투자,코스닥,100790
에코프로비엠,코스닥,247540
셀리드,코스닥,299660
천보,코스닥,278280
SCL사이언스,코스닥,246960
노랑풍선,코스닥,104620
웹케시,코스닥,053580
비피도,코스닥,238200
유틸렉스,코스닥,263050
디케이티,코스닥,290550
아이엘,코스닥,307180
애니플러스,코스닥,310200
디와이씨,코스닥,310870
위지윅스튜디오,코스닥,299900
조이웍스앤코,코스닥,309930
국전약품,코스닥,307750
에이비엘바이오,코스닥,298380
머큐리,코스닥,100590
전진바이오팜,코스닥,110020
뉴트리,코스닥,270870
비투엔,코스닥,307870
이노메트리,코스닥,302430
DH오토리드,코스닥,290120
에코캡,코스닥,128540
원바이오젠,코스닥,307280
윙입푸드,코스닥,900340
남화산업,코스닥,111710
엠아이텍,코스닥,179290
티로보틱스,코스닥,117730
네오펙트,코스닥,290660
티앤알바이오팹,코스닥,246710
디알젬,코스닥,263690
싸이토젠,코스닥,217330
아주IB투자,코스닥,027360
디케이앤디,코스닥,263020
프로브잇,코스닥,227100
노바렉스,코스닥,194700
대보마그네틱,코스닥,290670
노바텍,코스닥,285490
엘앤씨바이오,코스닥,290650
지아이에스,코스닥,306620
로보티즈,코스닥,108490
옵티팜,코스닥,153710
에스퓨얼셀,코스닥,288620
나우IB,코스닥,293580
푸드나무,코스닥,290720
크리스에프앤씨,코스닥,110790
더블유에스아이,코스닥,299170
한국비티비,코스닥,219750
엔피,코스닥,291230
피엔티엠에스,코스닥,257370
디지캡,코스닥,197140
지니틱스,코스닥,303030
액트로,코스닥,290740
오파스넷,코스닥,173130
브이엠,코스닥,089970
바이오솔루션,코스닥,086820
디아이티,코스닥,110990
에스에스알,코스닥,275630
휴네시온,코스닥,290270
한국유니온제약,코스닥,080720
그리티,코스닥,204020
알로이스,코스닥,297570
올릭스,코스닥,226950
아이큐어,코스닥,175250
SV인베스트먼트,코스닥,289080
EDGC,코스닥,245620
카이노스메드,코스닥,284620
파워넷,코스닥,037030
현대사료,코스닥,016790
세종메디칼,코스닥,258830
제노레이,코스닥,122310
JTC,코스닥,950170
네오셈,코스닥,253590
케어랩스,코스닥,263700
린드먼아시아,코스닥,277070
오스테오닉,코스닥,226400
엔지켐생명과학,코스닥,183490
동구바이오제약,코스닥,006620
아시아종묘,코스닥,154030
알리코제약,코스닥,260660
카페24,코스닥,042000
링크제니시스,코스닥,219420
배럴,코스닥,267790
SG,코스닥,255220
씨앤지하이테크,코스닥,264660
시스웍,코스닥,269620
디바이스,코스닥,187870
레이크머티리얼즈,코스닥,281740
씨티케이,코스닥,260930
메카로,코스닥,241770
에스트래픽,코스닥,234300
체리부로,코스닥,066360
대원,코스닥,007680
스튜디오드래곤,코스닥,253450
코오롱티슈진,코스닥,950160
영화테크,코스닥,265560
폴라리스세원,코스닥,234100
상신전자,코스닥,263810
야스,코스닥,255440
인산가,코스닥,277410
휴엠앤씨,코스닥,263920
신흥에스이씨,코스닥,243840
유티아이,코스닥,179900
선익시스템,코스닥,171090
엠플러스,코스닥,259630
앱클론,코스닥,174900
펄어비스,코스닥,263750
킵스파마,코스닥,256940
덕우전자,코스닥,263600
앱튼,코스닥,270520
케일럼,코스닥,258610
알에스오토메이션,코스닥,140670
컬러레이,코스닥,900310
와이즈버즈,코스닥,273060
모트렉스,코스닥,118990
데이타솔루션,코스닥,263800
지니언스,코스닥,263860
디앤씨미디어,코스닥,263720
힘스,코스닥,238490
브이원텍,코스닥,251630
아우딘퓨쳐스,코스닥,227610
이녹스첨단소재,코스닥,272290
하림지주,코스닥,003380
덴티스,코스닥,261200
나인테크,코스닥,267320
보라티알,코스닥,250000
매일유업,코스닥,267980
LK삼양,코스닥,225190
이랜시스,코스닥,264850
필옵틱스,코스닥,161580
포인트엔지니어링,코스닥,256630
하나머티리얼즈,코스닥,166090
소프트캠프,코스닥,258790
와이엠티,코스닥,251370
AP시스템,코스닥,265520
유에스티,코스닥,263770
이엘피,코스닥,063760
유비쿼스,코스닥,264450
서진시스템,코스닥,178320
코미코,코스닥,183300
아스타,코스닥,246720
에스디생명공학,코스닥,217480
신신제약,코스닥,002800
에프엔에스테크,코스닥,083500
모바일어플라이언스,코스닥,087260
피씨엘,코스닥,241820
서플러스글로벌,코스닥,140070
유바이오로직스,코스닥,206650
한국비엔씨,코스닥,256840
DSC인베스트먼트,코스닥,241520
TS인베스트먼트,코스닥,246690
피엠티,코스닥,147760
HLB펩,코스닥,196300
유니온바이오메트릭스,코스닥,203450
신라젠,코스닥,215600
자비스,코스닥,254120
티이엠씨씨엔에스,코스닥,241790
퓨쳐켐,코스닥,220100
뉴파워프라즈마,코스닥,144960
엘앤케이바이오,코스닥,156100
핸디소프트,코스닥,220180
클리오,코스닥,237880
오가닉티코스메틱,코스닥,900300
얼라인드,코스닥,238120
세화피앤씨,코스닥,252500
인크로스,코스닥,216050
에이치엘사이언스,코스닥,239610
코스메카코리아,코스닥,241710
GRT,코스닥,900290
인텔리안테크,코스닥,189300
에이치시티,코스닥,072990
잉글우드랩,코스닥,950140
앤디포스,코스닥,238090
수산아이앤티,코스닥,050960
미투온,코스닥,201490
예선테크,코스닥,250930
유니테크노,코스닥,241690
모비스,코스닥,250060
나무기술,코스닥,242040
자이글,코스닥,234920
헝셩그룹,코스닥,900270
에코마케팅,코스닥,230360
다산디엠씨,코스닥,208860
우리손에프앤지,코스닥,073560
알엔티엑스,코스닥,123010
모아라이프플러스,코스닥,142760
피앤씨테크,코스닥,237750
로스웰,코스닥,900260
에스티팜,코스닥,237690
지씨셀,코스닥,144510
알엔투테크놀로지,코스닥,148250
이스트에이드,코스닥,239340
휴온스,코스닥,243070
원익IPS,코스닥,240810
레이언스,코스닥,228850
동양파일,코스닥,228340
팬젠,코스닥,222110
AP위성,코스닥,211270
비유테크놀러지,코스닥,230980
큐리언트,코스닥,115180
안트로젠,코스닥,065660
슈프리마,코스닥,236200
유니트론텍,코스닥,142210
크리스탈신소재,코스닥,900250
더코디,코스닥,224060
에스와이,코스닥,109610
사토시홀딩스,코스닥,223310
와이씨,코스닥,232140
육일씨엔에쓰,코스닥,191410
휴젤,코스닥,145020
한국맥널티,코스닥,222980
덱스터,코스닥,206560
아진산업,코스닥,013310
HLB제약,코스닥,047920
강스템바이오텍,코스닥,217730
메가엠디,코스닥,133750
HC보광산업,코스닥,225530
파크시스템스,코스닥,140860
에치에프알,코스닥,230240
예스티,코스닥,122640
코스맥스엔비티,코스닥,222040
멕아이씨에스,코스닥,058110
원익피앤이,코스닥,217820
하이즈항공,코스닥,221840
DXVX,코스닥,180400
케이디켐,코스닥,221980
네오오토,코스닥,212560
엔투텍,코스닥,227950
케어젠,코스닥,214370
아이진,코스닥,185490
나무가,코스닥,190510
시지메드텍,코스닥,056090
본느,코스닥,226340
엔케이맥스,코스닥,182400
엑시콘,코스닥,092870
케이엠제약,코스닥,225430
패션플랫폼,코스닥,225590
넥슨게임즈,코스닥,225570
제너셈,코스닥,217190
타이거일렉,코스닥,219130
휴먼테크놀로지,코스닥,175140
씨아이에스,코스닥,222080
에이텍모빌리티,코스닥,224110
웹스,코스닥,196700
파인텍,코스닥,131760
세토피아,코스닥,222810
심텍,코스닥,222800
흥국에프엔비,코스닥,189980
쎄노텍,코스닥,222420
칩스앤미디어,코스닥,094360
아시아경제,코스닥,127710
아이쓰리시스템,코스닥,214430
로지시스,코스닥,067730
켐트로스,코스닥,220260
파마리서치,코스닥,214450
디와이디,코스닥,219550
펩트론,코스닥,087010
RFHIC,코스닥,218410
동운아나텍,코스닥,094170
일월지엠엘,코스닥,178780
헥토이노베이션,코스닥,214180
코아스템켐온,코스닥,166480
베셀,코스닥,177350
넵튠,코스닥,217270
미래생명자원,코스닥,218150
싸이맥스,코스닥,160980
러셀,코스닥,217500
픽셀플러스,코스닥,087600
선샤인푸드,코스닥,217620
HLB제넥스,코스닥,187420
우정바이오,코스닥,215380
토박스코리아,코스닥,215480
이노인스트루먼트,코스닥,215790
우리산업,코스닥,215360
메가스터디교육,코스닥,215200
솔디펜스,코스닥,215090
로보로보,코스닥,215100
디알텍,코스닥,214680
에이비프로바이오,코스닥,195990
골프존,코스닥,215000
클래시스,코스닥,214150
FSN,코스닥,214270
포시에스,코스닥,189690
덕산네오룩스,코스닥,213420
국일신동,코스닥,060480
링크드,코스닥,193250
바디텍메드,코스닥,206640
스튜디오산타클로스,코스닥,204630
썸에이지,코스닥,208640
에이팩트,코스닥,200470
휴메딕스,코스닥,200670
서전기전,코스닥,189860
아스트,코스닥,067390
오킨스전자,코스닥,080580
지란지교시큐리티,코스닥,208350
포톤,코스닥,208710
NEW,코스닥,160550
아이티센글로벌,코스닥,124500
녹십자엠에스,코스닥,142280
디티앤씨,코스닥,187220
셀바스헬스케어,코스닥,208370
정다운,코스닥,208140
하이로닉,코스닥,149980
랩지노믹스,코스닥,084650
에이디테크놀로지,코스닥,200710
비씨월드제약,코스닥,200780
미스터블루,코스닥,207760
알테오젠,코스닥,196170
베노티앤알,코스닥,206400
대창스틸,코스닥,140520
에프엔씨엔터,코스닥,173940
휴마시스,코스닥,205470
텔콘RF제약,코스닥,200230
지엘팜텍,코스닥,204840
글로벌텍스프리,코스닥,204620
디에이테크놀로지,코스닥,196490
넥써쓰,코스닥,205500
엑셈,코스닥,205100
테고사이언스,코스닥,191420
슈피겐코리아,코스닥,192440
영우디에스피,코스닥,143540
드림시큐리티,코스닥,203650
메디아나,코스닥,041920
데브시스터즈,코스닥,194480
아크솔루션스,코스닥,203690
오늘이엔엠,코스닥,192410
강동씨앤엘,코스닥,198440
신화콘텍,코스닥,187270
파버나인,코스닥,177830
덕신이피씨,코스닥,090410
창해에탄올,코스닥,004650
윈하이텍,코스닥,192390
아진엑스텍,코스닥,059120
콜마비앤에이치,코스닥,200130
엣지파운드리,코스닥,105550
코아시아씨엠,코스닥,196450
캐스텍코리아,코스닥,071850
나노,코스닥,187790
케이사인,코스닥,192250
오이솔루션,코스닥,138080
한국정보인증,코스닥,053300
다산솔루에타,코스닥,154040
현대이지웰,코스닥,090850
SGA솔루션즈,코스닥,184230
기가레인,코스닥,049080
알티캐스트,코스닥,085810
현대공업,코스닥,170030
엔브이에이치코리아,코스닥,067570
탑코미디어,코스닥,134580
큐브엔터,코스닥,182360
라이온켐텍,코스닥,171120
램테크놀러지,코스닥,171010
앤로보틱스,코스닥,138360
해성옵틱스,코스닥,076610
내츄럴엔도텍,코스닥,168330
두산테스나,코스닥,131970
파수,코스닥,150900
엘티씨,코스닥,170920
지엔씨에너지,코스닥,119850
아미코젠,코스닥,092040
GH신소재,코스닥,130500
파이오링크,코스닥,170790
KG에코솔루션,코스닥,151860
KT나스미디어,코스닥,089600
엑세스바이오,코스닥,950130
리가켐바이오,코스닥,141080
윈팩,코스닥,097800
코렌텍,코스닥,104540
제로투세븐,코스닥,159580
한솔아이원스,코스닥,114810
우리이앤엘,코스닥,153490
아이센스,코스닥,099190
에코글로우,코스닥,159910
우리로,코스닥,046970
디젠스,코스닥,113810
와이엠씨,코스닥,155650
아바텍,코스닥,149950
코이즈,코스닥,121850
네이블,코스닥,153460
노블엠앤비,코스닥,106520
피엔티,코스닥,137400
비아트론,코스닥,141000
빛샘전자,코스닥,072950
사람인,코스닥,143240
제룡산업,코스닥,147830
남화토건,코스닥,091590
메지온,코스닥,140410
원익머트리얼즈,코스닥,104830
제이에스링크,코스닥,127120
나이스디앤비,코스닥,130580
시큐브,코스닥,131090
서암기계공업,코스닥,100660
씨유메디칼,코스닥,115480
키네마스터,코스닥,139670
비덴트,코스닥,121800
신진에스엠,코스닥,138070
이엠넷,코스닥,123570
와이지엔터테인먼트,코스닥,122870
테크윙,코스닥,089030
씨큐브,코스닥,101240
에스엠코어,코스닥,007820
씨엔플러스,코스닥,115530
로보스타,코스닥,090360
대한과학,코스닥,131220
아이디스,코스닥,143160
제이씨케미칼,코스닥,137950
아이씨디,코스닥,040910
제닉,코스닥,123330
BF랩스,코스닥,139050
상아프론테크,코스닥,089980
나이벡,코스닥,138610
옵티시스,코스닥,109080
대양전기공업,코스닥,108380
서연탑메탈,코스닥,019770
넥스트아이,코스닥,137940
티엔엔터테인먼트,코스닥,131100
KX,코스닥,122450
골프존홀딩스,코스닥,121440
윈스테크넷,코스닥,136540
하림,코스닥,136480
이퓨쳐,코스닥,134060
티케이케미칼,코스닥,104480
부스타,코스닥,008470
나노신소재,코스닥,121600
케이아이엔엑스,코스닥,093320
티피씨글로벌,코스닥,130740
LB세미콘,코스닥,061970
딜리,코스닥,131180
제이엔케이글로벌,코스닥,126880
블루콤,코스닥,033560
인트론바이오,코스닥,048530
알서포트,코스닥,131370
인텍플러스,코스닥,064290
티에스이,코스닥,131290
이브이첨단소재,코스닥,131400
대정화금,코스닥,120240
피제이메탈,코스닥,128660
옵투스제약,코스닥,131030
에이루트,코스닥,096690
티비씨,코스닥,033830
시그네틱스,코스닥,033170
한국전자인증,코스닥,041460
BGF에코머티리얼즈,코스닥,126600
디케이락,코스닥,105740
위메이드플레이,코스닥,123420
아나패스,코스닥,123860
KNN,코스닥,058400
누리플랜,코스닥,069140
아이텍,코스닥,119830
인화정공,코스닥,101930
셀피글로벌,코스닥,068940
뉴온,코스닥,123840
알파칩스,코스닥,117670
포메탈,코스닥,119500
다원시스,코스닥,068240
씨젠,코스닥,096530
와이솔,코스닥,122990
하이비젼시스템,코스닥,126700
화신정공,코스닥,126640
코리아에프티,코스닥,123410
엠에스오토텍,코스닥,123040
이글루,코스닥,067920
인터로조,코스닥,119610
하이텍팜,코스닥,106190
에스디시스템,코스닥,121890
알톤,코스닥,123750
유비벨록스,코스닥,089850
오르비텍,코스닥,046120
엑스큐어,코스닥,070300
투비소프트,코스닥,079970
인피니트헬스케어,코스닥,071200
서진오토모티브,코스닥,122690
인지소프트,코스닥,100030
이스트아시아홀딩스,코스닥,900110
애머릿지,코스닥,900100
케이씨에스,코스닥,115500
씨엑스아이,코스닥,900120
HLB테라퓨틱스,코스닥,115450
삼기,코스닥,122350
이미지스,코스닥,115610
인포바인,코스닥,115310
케이이엠텍,코스닥,106080
모베이스,코스닥,101330
스타플렉스,코스닥,115570
우리넷,코스닥,115440
아세아텍,코스닥,050860
폴라리스우노,코스닥,114630
코디,코스닥,080530
글로벌에스엠,코스닥,900070
DGI,코스닥,099520
그린생명과학,코스닥,114450
디와이피엔에프,코스닥,104460
위메이드,코스닥,112040
셀바스AI,코스닥,108860
이원컴포텍,코스닥,088290
강원에너지,코스닥,114190
휴맥스,코스닥,115160
앱토크롬,코스닥,109960
동방선기,코스닥,099410
KS인더스트리,코스닥,101000
진매트릭스,코스닥,109820
비츠로셀,코스닥,082920
한스바이오메드,코스닥,042520
NHN벅스,코스닥,104200
아이앤씨,코스닥,052860
케이엔더블유,코스닥,105330
디에스케이,코스닥,109740
제넥신,코스닥,095700
톱텍,코스닥,108230
동국S&C,코스닥,100130
에스앤더블류,코스닥,103230
컴투스홀딩스,코스닥,063080
동일금속,코스닥,109860
어보브반도체,코스닥,102120
위메이드맥스,코스닥,101730
이엔에프테크놀로지,코스닥,102710
스맥,코스닥,099440
SDN,코스닥,099220
한국정밀기계,코스닥,101680
흥국,코스닥,010240
우림피티에스,코스닥,101170
티플랙스,코스닥,081150
에스티오,코스닥,098660
에이테크솔루션,코스닥,071670
에스앤에스텍,코스닥,101490
뷰웍스,코스닥,100120
코오롱생명과학,코스닥,102940
엔시트론,코스닥,101400
파인테크닉스,코스닥,106240
이수앱지스,코스닥,086890
대성파인텍,코스닥,104040
유비쿼스홀딩스,코스닥,078070
메디톡스,코스닥,086900
엠게임,코스닥,058630
아이컴포넌트,코스닥,059100
HLB생명과학,코스닥,067630
이크레더블,코스닥,092130
세운메디칼,코스닥,100700
마이크로컨텍솔,코스닥,098120
이엠앤아이,코스닥,083470
아이엠,코스닥,101390
웰크론한텍,코스닥,076080
하이드로리튬,코스닥,101670
슈프리마에이치큐,코스닥,094840
서울옥션,코스닥,063170
이스트소프트,코스닥,047560
크레버스,코스닥,096240
월덱스,코스닥,101160
쎄트렉아이,코스닥,099320
브리지텍,코스닥,064480
고영,코스닥,098460
조이시티,코스닥,067000
우진비앤지,코스닥,018620
테스,코스닥,095610
예스24,코스닥,053280
엘디티,코스닥,096870
메타바이오메드,코스닥,059210
효성오앤비,코스닥,097870
한울소재과학,코스닥,091440
에코볼트,코스닥,097780
에스코넥,코스닥,096630
일신바이오,코스닥,068330
서원인텍,코스닥,093920
이씨에스,코스닥,067010
대창솔루션,코스닥,096350
엑시온그룹,코스닥,069920
알에프세미,코스닥,096610
디엔에프,코스닥,092070
일진파워,코스닥,094820
비엠티,코스닥,086670
이엠코리아,코스닥,095190
현우산업,코스닥,092300
케이알엠,코스닥,093640
에스에너지,코스닥,095910
성우전자,코스닥,081580
엘엠에스,코스닥,073110
제이엠티,코스닥,094970
오디텍,코스닥,080520
ISC,코스닥,095340
네오티스,코스닥,085910
미래나노텍,코스닥,095500
상보,코스닥,027580
바이오톡스텍,코스닥,086040
옴니시스템,코스닥,057540
푸른기술,코스닥,094940
웨이브일렉트로,코스닥,095270
빅솔론,코스닥,093190
S&K폴리텍,코스닥,091340
멤레이비티,코스닥,072770
갤럭시아머니트리,코스닥,094480
에코프로,코스닥,086520
대산F&B,코스닥,065150
컴투스,코스닥,078340
네오위즈,코스닥,095660
앤씨앤,코스닥,092600
엔텔스,코스닥,069410
풍강,코스닥,093380
동국제약,코스닥,086450
케이프,코스닥,064820
상신이디피,코스닥,091580
한라IMS,코스닥,092460
에프알텍,코스닥,073540
이엠텍,코스닥,091120
참좋은여행,코스닥,094850
네오리진,코스닥,094860
LS증권,코스닥,078020
매커스,코스닥,093520
나노캠텍,코스닥,091970
네오팜,코스닥,092730
오스코텍,코스닥,039200
켐트로닉스,코스닥,089010
제이스텍,코스닥,090470
동아엘텍,코스닥,088130
휴온스글로벌,코스닥,084110
케이씨티,코스닥,089150
파트론,코스닥,091700
유니테스트,코스닥,086390
휴림로봇,코스닥,090710
에스에이티,코스닥,060540
큐에스아이,코스닥,066310
멀티캠퍼스,코스닥,067280
코세스,코스닥,089890
성창오토텍,코스닥,080470
넥스턴앤롤코리아,코스닥,089140
제이티,코스닥,089790
아이윈,코스닥,090150
이녹스,코스닥,088390
THE E&M,코스닥,089230
바텍,코스닥,043150
MDS테크,코스닥,086960
루멘스,코스닥,038060
CSA 코스믹,코스닥,083660
NICE인프라,코스닥,063570
쇼박스,코스닥,086980
팬엔터테인먼트,코스닥,068050
인포뱅크,코스닥,039290
스테이지원엔터,코스닥,078860
동우팜투테이블,코스닥,088910
제이브이엠,코스닥,054950
팅크웨어,코스닥,084730
진바이오텍,코스닥,086060
티케이지애강,코스닥,022220
에이스테크,코스닥,088800
셀트리온제약,코스닥,068760
GST,코스닥,083450
에너토크,코스닥,019990
제우스,코스닥,079370
뉴프렉스,코스닥,085670
유진테크,코스닥,084370
CG인바이츠,코스닥,083790
바이오니아,코스닥,064550
헬릭스미스,코스닥,084990
인콘,코스닥,083640
차바이오텍,코스닥,085660
대봉엘에스,코스닥,078140
와이엔텍,코스닥,067900
케이엠,코스닥,083550
수성웹툰,코스닥,084180
모다이노칩,코스닥,080420
비에이치아이,코스닥,083650
케스피온,코스닥,079190
비보존 제약,코스닥,082800
자연과환경,코스닥,043910
와토스코리아,코스닥,079000
폴라리스오피스,코스닥,041020
휴림에이텍,코스닥,078590
서린바이오,코스닥,038070
가비아,코스닥,079940
덕산하이메탈,코스닥,077360
아바코,코스닥,083930
하나마이크론,코스닥,067310
엘오티베큠,코스닥,083310
코스나인,코스닥,082660
이상네트웍스,코스닥,080010
메디포스트,코스닥,078160
우리바이오,코스닥,082850
모두투어,코스닥,080160
가온그룹,코스닥,078890
쏠리드,코스닥,050890
옵트론텍,코스닥,082210
젬백스,코스닥,082270
플랜티넷,코스닥,075130
이노와이어리스,코스닥,073490
인베니아,코스닥,079950
동양이엔피,코스닥,079960
제주반도체,코스닥,080220
한창산업,코스닥,079170
디이엔티,코스닥,079810
iMBC,코스닥,052220
서산,코스닥,079650
KX하이텍,코스닥,052900
손오공,코스닥,066910
미래컴퍼니,코스닥,049950
아이크래프트,코스닥,052460
메가스터디,코스닥,072870
케이에스피,코스닥,073010
KG모빌리언스,코스닥,046440
대주전자재료,코스닥,078600
텔레칩스,코스닥,054450
HB테크놀러지,코스닥,078150
도이치모터스,코스닥,067990
토비스,코스닥,051360
국일제지,코스닥,078130
DMS,코스닥,068790
시너지이노베이션,코스닥,048870
신성델타테크,코스닥,065350
한국경제TV,코스닥,039340
다날,코스닥,064260
형지I&C,코스닥,011080
비케이홀딩스,코스닥,050090
YBM넷,코스닥,057030
CS,코스닥,065770
아미노로직스,코스닥,074430
테라젠이텍스,코스닥,066700
디에이피,코스닥,066900
한양디지텍,코스닥,078350
동국알앤에스,코스닥,075970
빛과전자,코스닥,069540
듀오백,코스닥,073190
삼진엘앤디,코스닥,054090
폴라리스AI파마,코스닥,041910
세진티에스,코스닥,067770
한솔인티큐브,코스닥,070590
리튬포어스,코스닥,073570
테라사이언스,코스닥,073640
우주일렉트로,코스닥,065680
SOOP,코스닥,067160
드림어스컴퍼니,코스닥,060570
버킷스튜디오,코스닥,066410
원익QnC,코스닥,074600
로체시스템즈,코스닥,071280
에스텍,코스닥,069510
오텍,코스닥,067170
키이스트,코스닥,054780
현대에버다임,코스닥,041440
중앙백신,코스닥,072020
휴비츠,코스닥,065510
우리산업홀딩스,코스닥,072470
디지털대성,코스닥,068930
유아이디,코스닥,069330
티씨케이,코스닥,064760
아모텍,코스닥,052710
웰크론,코스닥,065950
파워로직스,코스닥,047310
이엘씨,코스닥,041520
홈캐스트,코스닥,064240
씨씨에스,코스닥,066790
웹젠,코스닥,069080
대화제약,코스닥,067080
우수AMS,코스닥,066590
JW신약,코스닥,067290
하츠,코스닥,066130
빅텍,코스닥,065450
탑엔지니어링,코스닥,065130
이루온,코스닥,065440
재영솔루텍,코스닥,049630
한국큐빅,코스닥,021650
인터플렉스,코스닥,051370
삼영이엔씨,코스닥,065570
하이퍼코퍼레이션,코스닥,065650
한성크린텍,코스닥,066980
리더스코스메틱,코스닥,016100
케이피엠테크,코스닥,042040
디티씨,코스닥,066670
아이로보틱스,코스닥,066430
초록뱀미디어,코스닥,047820
인크레더블버즈,코스닥,064090
쎌바이오텍,코스닥,049960
NE능률,코스닥,053290
테크엘,코스닥,064520
KG이니시스,코스닥,035600
비엘팜텍,코스닥,065170
플래스크,코스닥,041590
새로닉스,코스닥,042600
오리엔트정공,코스닥,065500
에이전트AI,코스닥,060900
국보디자인,코스닥,066620
아이톡시,코스닥,052770
에스아이리소스,코스닥,065420
포니링크,코스닥,064800
폴라리스AI,코스닥,039980
현대바이오,코스닥,048410
에스피지,코스닥,058610
토탈소프트,코스닥,045340
서호전기,코스닥,065710
파커스,코스닥,065690
HC홈센타,코스닥,060560
서울리거,코스닥,043710
아비코전자,코스닥,036010
큐렉소,코스닥,060280
제이케이시냅스,코스닥,060230
우원개발,코스닥,046940
티사이언티픽,코스닥,057680
인선이엔티,코스닥,060150
와이어블,코스닥,065530
SM Life Design,코스닥,063440
지어소프트,코스닥,051160
지엔코,코스닥,065060
셀루메드,코스닥,049180
KH바텍,코스닥,060720
알에프텍,코스닥,061040
에스폴리텍,코스닥,050760
이랜텍,코스닥,054210
ES큐브,코스닥,050120
케이피티유,코스닥,054410
3S,코스닥,060310
화일약품,코스닥,061250
오상자이엘,코스닥,053980
농우바이오,코스닥,054050
케이엘넷,코스닥,039420
에스티아이,코스닥,039440
잉크테크,코스닥,049550
대한뉴팜,코스닥,054670
씨티씨바이오,코스닥,060590
인탑스,코스닥,049070
LS마린솔루션,코스닥,060370
피씨디렉트,코스닥,051380
구영테크,코스닥,053270
한국기업평가,코스닥,034950
뉴보텍,코스닥,060260
동양에스텍,코스닥,060380
백금T&A,코스닥,046310
고려신용정보,코스닥,049720
서울반도체,코스닥,046890
아가방컴퍼니,코스닥,013990
한주에이알티,코스닥,058450
미코,코스닥,059090
유신,코스닥,054930
프럼파스트,코스닥,035200
한국컴퓨터,코스닥,054040
대동스틸,코스닥,048470
링네트,코스닥,042500
크레오에스지,코스닥,040350
팬스타엔터프라이즈,코스닥,054300
한빛소프트,코스닥,047080
NHN KCP,코스닥,060250
CNT85,코스닥,056730
금강철강,코스닥,053260
스타코링크,코스닥,060240
동아화성,코스닥,041930
비츠로시스,코스닥,054220
오리엔탈정공,코스닥,014940
웰킵스하이텍,코스닥,043590
리노공업,코스닥,058470
성우테크론,코스닥,045300
에스에프에이,코스닥,056190
신화인터텍,코스닥,056700
엑사이엔씨,코스닥,054940
피에이치에이,코스닥,043370
APS,코스닥,054620
코위버,코스닥,056360
성호전자,코스닥,043260
YW,코스닥,051390
삼영엠텍,코스닥,054540
이니텍,코스닥,053350
유진로봇,코스닥,056080
태웅,코스닥,044490
경남제약,코스닥,053950
삼보모터스,코스닥,053700
한컴위드,코스닥,054920
코미팜,코스닥,041960
프리엠스,코스닥,053160
코나아이,코스닥,052400
메디콕스,코스닥,054180
더테크놀로지,코스닥,043090
비트플래닛,코스닥,049470
지에스이,코스닥,053050
아이디스홀딩스,코스닥,054800
코데즈컴바인,코스닥,047770
안랩,코스닥,053800
YTN,코스닥,040300
CMG제약,코스닥,058820
JYP Ent.,코스닥,035900
KCC건설,코스닥,021320
세동,코스닥,053060
프로텍,코스닥,053610
액토즈소프트,코스닥,052790
세코닉스,코스닥,053450
바이넥스,코스닥,053030
오성첨단소재,코스닥,052420
태양,코스닥,053620
오션인더블유,코스닥,052300
유아이엘,코스닥,049520
대원미디어,코스닥,048910
중앙첨단소재,코스닥,051980
CJ프레시웨이,코스닥,051500
파인디앤씨,코스닥,049120
디지아이,코스닥,043360
코텍,코스닥,052330
한네트,코스닥,052600
에스티큐브,코스닥,052020
티에스넥스젠,코스닥,043220
큐로홀딩스,코스닥,051780
피노,코스닥,033790
나라엠앤디,코스닥,051490
에코바이오,코스닥,038870
에이텍,코스닥,045660
대아티아이,코스닥,045390
캠시스,코스닥,050110
현대바이오랜드,코스닥,052260
SFA반도체,코스닥,036540
삼표시멘트,코스닥,038500
HLB이노베이션,코스닥,024850
SM C&C,코스닥,048550
승일,코스닥,049830
TPC,코스닥,048770
코메론,코스닥,049430
빌리언스,코스닥,044480
삼화네트웍스,코스닥,046390
성광벤드,코스닥,014620
유라테크,코스닥,048430
삼현철강,코스닥,017480
오픈베이스,코스닥,049480
라온시큐어,코스닥,042510
삼양케이씨아이,코스닥,036670
오로라,코스닥,039830
금화피에스시,코스닥,036190
코다코,코스닥,046070
인바디,코스닥,041830
고려제약,코스닥,014570
크린앤사이언스,코스닥,045520
KD,코스닥,044180
이글벳,코스닥,044960
아즈텍WB,코스닥,032080
오리콤,코스닥,010470
위닉스,코스닥,044340
상지건설,코스닥,042940
엔피케이,코스닥,048830
삼천당제약,코스닥,000250
에이치케이,코스닥,044780
정원엔시스,코스닥,045510
한양이엔지,코스닥,045100
누리플렉스,코스닥,040160
에쎈테크,코스닥,043340
국순당,코스닥,043650
엘컴텍,코스닥,037950
이오테크닉스,코스닥,039030
상상인,코스닥,038540
서울제약,코스닥,018680
HLB파나진,코스닥,046210
나노엔텍,코스닥,039860
오공,코스닥,045060
알파AI,코스닥,043100
비츠로테크,코스닥,042370
코아시아,코스닥,045970
정상제이엘에스,코스닥,040420
진양제약,코스닥,007370
KT지니뮤직,코스닥,043610
진성티이씨,코스닥,036890
현대에이치티,코스닥,039010
삼아제약,코스닥,009300
파루,코스닥,043200
에스씨디,코스닥,042110
한국정보공학,코스닥,039740
디오,코스닥,039840
네오위즈홀딩스,코스닥,042420
다산네트웍스,코스닥,039560
바이오스마트,코스닥,038460
우리기술,코스닥,032820
안국약품,코스닥,001540
세중,코스닥,039310
우리기술투자,코스닥,041190
케이바이오,코스닥,038530
HRS,코스닥,036640
에스에이엠티,코스닥,031330
위즈코프,코스닥,038620
이건홀딩스,코스닥,039020
파인디지털,코스닥,038950
나이스정보통신,코스닥,036800
SG&G,코스닥,040610
아이에이,코스닥,038880
에스넷,코스닥,038680
에스엠,코스닥,041510
아이티센엔텍,코스닥,010280
쎄니트,코스닥,037760
대성미생물,코스닥,036480
에코플라스틱,코스닥,038110
케이엠더블유,코스닥,032500
화성밸브,코스닥,039610
경남스틸,코스닥,039240
마크로젠,코스닥,038290
희림,코스닥,037440
레드캡투어,코스닥,038390
솔브레인홀딩스,코스닥,036830
에프에스티,코스닥,036810
코맥스,코스닥,036690
EG,코스닥,037370
감성코퍼레이션,코스닥,036620
성도이엔지,코스닥,037350
제일테크노스,코스닥,038010
무림SP,코스닥,001810
세종텔레콤,코스닥,036630
심텍홀딩스,코스닥,036710
파세코,코스닥,037070
KZ정밀,코스닥,036560
SGC E&C,코스닥,016250
서희건설,코스닥,035890
주성엔지니어링,코스닥,036930
케이티알파,코스닥,036030
다우데이타,코스닥,032190
동진쎄미켐,코스닥,005290
선광,코스닥,003100
에이치엠넥스,코스닥,036170
제이에스티나,코스닥,026040
지더블유바이텍,코스닥,036180
한국팩키지,코스닥,037230
삼지전자,코스닥,037460
우리엔터프라이즈,코스닥,037400
네패스,코스닥,033640
인지디스플레,코스닥,037330
위지트,코스닥,036090
유니셈,코스닥,036200
유성티엔에스,코스닥,024800
코리아나,코스닥,027050
골드앤에스,코스닥,035290
서울평가정보,코스닥,036120
서울전자통신,코스닥,027040
대성창투,코스닥,027830
예림당,코스닥,036000
CJ ENM,코스닥,035760
이지홀딩스,코스닥,035810
기산텔레콤,코스닥,035460
바른손이앤에이,코스닥,035620
솔본,코스닥,035610
시공테크,코스닥,020710
신일제약,코스닥,012790
조아제약,코스닥,034940
인성정보,코스닥,033230
그래디언트,코스닥,035080
동국산업,코스닥,005160
매일홀딩스,코스닥,005990
해성산업,코스닥,034810
한국정보통신,코스닥,025770
파라텍,코스닥,033540
동성화인텍,코스닥,033500
드래곤플라이,코스닥,030350
엠케이전자,코스닥,033160
엠투엔,코스닥,033310
제이씨현시스템,코스닥,033320
포스코엠텍,코스닥,009520
스페코,코스닥,013810
좋은사람들,코스닥,033340
로젠,코스닥,033290
모아텍,코스닥,033200
코콤,코스닥,015710
제룡전기,코스닥,033100
제이엠아이,코스닥,033050
디지틀조선,코스닥,033130
바이온,코스닥,032980
와이지-원,코스닥,019210
특수건설,코스닥,026150
아이즈비전,코스닥,031310
동일기연,코스닥,032960
소프트센,코스닥,032680
원익,코스닥,032940
원풍물산,코스닥,008290
삼진,코스닥,032750
더라미,코스닥,032860
비트컴퓨터,코스닥,032850
엠젠솔루션,코스닥,032790
판타지오,코스닥,032800
유비케어,코스닥,032620
피델릭스,코스닥,032580
TJ미디어,코스닥,032540
휴맥스홀딩스,코스닥,028080
삼일,코스닥,032280
뉴인텍,코스닥,012340
오스템,코스닥,031510
디에이치엑스컴퍼니,코스닥,031860
피에스케이홀딩스,코스닥,031980
세보엠이씨,코스닥,011560
한일단조,코스닥,024740
양지사,코스닥,030960
원익홀딩스,코스닥,030530
한글과컴퓨터,코스닥,030520
메이슨캐피탈,코스닥,021880
광무,코스닥,029480
대호특수강,코스닥,021040
HLB,코스닥,028300
팜스토리,코스닥,027710
삼보판지,코스닥,023600
삼목에스폼,코스닥,018310
에이스침대,코스닥,003800
원익큐브,코스닥,014190
리드코프,코스닥,012700
유니슨,코스닥,018000
아난티,코스닥,025980
광진실업,코스닥,026910
인터엠,코스닥,017250
성우하이텍,코스닥,015750
대신정보통신,코스닥,020180
서부T&D,코스닥,006730
동신건설,코스닥,025950
동화기업,코스닥,025900
신라에스지,코스닥,025870
케이씨피드,코스닥,025880
한탑,코스닥,002680
한국선재,코스닥,025550
DH오토웨어,코스닥,025440
시노펙스,코스닥,025320
PN풍년,코스닥,024940
삼천리자전거,코스닥,024950
메디앙스,코스닥,014100
KBI메탈,코스닥,024840
경창산업,코스닥,024910
대륙제관,코스닥,004780
동원개발,코스닥,013120
세원물산,코스닥,024830
케이피에프,코스닥,024880
KB오토시스,코스닥,024120
신원종합개발,코스닥,017000
흥구석유,코스닥,024060
대한약품,코스닥,023910
이화공영,코스닥,001840
풍국주정,코스닥,023900
대림제지,코스닥,017650
대한광통신,코스닥,010170
동일스틸럭스,코스닥,023790
플레이위드,코스닥,023770
한국캐피탈,코스닥,023760
한일사료,코스닥,005860
모베이스전자,코스닥,012860
국영지앤엠,코스닥,006050
유진기업,코스닥,023410
제이스코홀딩스,코스닥,023440
보성파워텍,코스닥,006910
브이티,코스닥,018290
태광,코스닥,023160
와이엠,코스닥,007530
신라섬유,코스닥,001000
원일특강,코스닥,012620
서한,코스닥,011370
바른손,코스닥,018700
부방,코스닥,014470
소노스퀘어,코스닥,007720
THE CUBE&,코스닥,013720
유니크,코스닥,011320
진로발효,코스닥,018120
삼보산업,코스닥,009620
푸드웰,코스닥,005670
푸른저축은행,코스닥,007330
피제이전자,코스닥,006140
베뉴지,코스닥,019010
엠에스씨,코스닥,009780
대동금속,코스닥,020400
대원산업,코스닥,005710
큐캐피탈,코스닥,016600
한국가구,코스닥,004590
디모아,코스닥,016670
중앙에너비스,코스닥,000440
삼륭물산,코스닥,014970
경동제약,코스닥,011040
원풍,코스닥,008370
네이처셀,코스닥,007390
삼일기업공사,코스닥,002290
일지테크,코스닥,019540
한일화학,코스닥,007770
한국알콜,코스닥,017890
대주산업,코스닥,003310
글로본,코스닥,019660
세명전기,코스닥,017510
에이티넘인베스트,코스닥,021080
대동기어,코스닥,008830
피에스텍,코스닥,002230
이렘,코스닥,009730
카스,코스닥,016920
하이록코리아,코스닥,013030
SBI인베스트먼트,코스닥,019550
플루토스,코스닥,019570
모헨즈,코스닥,006920
